,Id aluno,Idade,Concelho,Sexo,Matematica,Estatistica,Portugues,Ingles,Local do exame,Tipo de escola,Trabalhador estudante,Estado civil,Media,Aprovado
0,A0001,56,Faro,Feminino,11,4,16,16,Escola A,Publica,Nao,Casado,11.75,True
1,A0002,46,Braga,Feminino,14,9,4,4,Escola C,Privada,Nao,Outro,7.75,False
2,A0003,32,Braga,Feminino,7,3,19,11,Escola C,Privada,Nao,Solteiro,10.0,True
3,A0004,25,Faro,Masculino,5,4,8,0,Escola D,Privada,Sim,Solteiro,4.25,False
4,A0005,38,Porto,Feminino,9,9,20,9,Escola A,Privada,Sim,Casado,11.75,True
5,A0006,56,Coimbra,Masculino,2,10,19,10,Escola C,Publica,Sim,Solteiro,10.25,True
6,A0007,36,Coimbra,Masculino,18,20,6,15,Escola C,Privada,Sim,Solteiro,14.75,True
7,A0008,40,Coimbra,Feminino,16,9,3,13,Escola D,Privada,Sim,Casado,10.25,True
8,A0009,28,Braga,Feminino,6,7,12,7,Escola B,Privada,Sim,Solteiro,8.0,False
9,A0010,28,Braga,Feminino,20,1,12,16,Escola A,Publica,Nao,Casado,12.25,True
10,A0011,41,Porto,Masculino,19,7,9,17,Escola C,Privada,Nao,Outro,13.0,True
11,A0012,53,Coimbra,Feminino,3,15,17,11,Escola D,Publica,Sim,Outro,11.5,True
12,A0013,57,Coimbra,Feminino,13,4,16,16,Escola D,Privada,Nao,Outro,12.25,True
13,A0014,41,Faro,Masculino,19,2,19,13,Escola D,Privada,Sim,Casado,13.25,True
14,A0015,20,Braga,Feminino,14,11,19,15,Escola C,Privada,Sim,Casado,14.75,True
15,A0016,39,Coimbra,Masculino,7,12,12,13,Escola A,Publica,Nao,Solteiro,11.0,True
16,A0017,19,Porto,Feminino,20,12,16,8,Escola B,Publica,Sim,Solteiro,14.0,True
17,A0018,41,Porto,Masculino,14,9,3,3,Escola A,Publica,Sim,Solteiro,7.25,False
18,A0019,47,Coimbra,Feminino,19,3,0,10,Escola D,Publica,Sim,Solteiro,8.0,False
19,A0020,55,Braga,Feminino,13,8,0,5,Escola D,Publica,Nao,Solteiro,6.5,False
20,A0021,19,Porto,Masculino,8,1,14,14,Escola B,Publica,Nao,Casado,9.25,False
21,A0022,38,Faro,Masculino,7,18,12,4,Escola A,Privada,Nao,Casado,10.25,True
22,A0023,50,Porto,Feminino,16,0,16,10,Escola D,Publica,Nao,Outro,10.5,True
23,A0024,29,Lisboa,Masculino,1,6,7,17,Escola D,Privada,Sim,Outro,7.75,False
24,A0025,39,Lisboa,Masculino,2,16,17,12,Escola A,Publica,Nao,Outro,11.75,True
25,A0026,42,Braga,Masculino,7,2,12,10,Escola D,Publica,Nao,Outro,7.75,False
26,A0027,44,Coimbra,Masculino,11,19,13,13,Escola A,Publica,Nao,Casado,14.0,True
27,A0028,59,Braga,Feminino,0,19,7,17,Escola D,Privada,Sim,Casado,10.75,True
28,A0029,45,Braga,Feminino,9,20,7,18,Escola A,Publica,Nao,Casado,13.5,True
29,A0030,33,Braga,Masculino,19,2,14,14,Escola B,Publica,Nao,Solteiro,12.25,True
30,A0031,32,Braga,Masculino,2,2,12,8,Escola D,Privada,Sim,Solteiro,6.0,False
31,A0032,20,Faro,Masculino,5,16,6,7,Escola B,Privada,Sim,Outro,8.5,False
32,A0033,54,Faro,Masculino,6,6,4,19,Escola D,Privada,Sim,Solteiro,8.75,False
33,A0034,24,Porto,Feminino,19,13,16,0,Escola D,Privada,Sim,Casado,12.0,True
34,A0035,38,Lisboa,Feminino,17,16,15,3,Escola C,Publica,Nao,Outro,12.75,True
35,A0036,26,Braga,Masculino,10,17,1,13,Escola A,Privada,Sim,Outro,10.25,True
36,A0037,56,Porto,Masculino,18,12,17,1,Escola B,Publica,Nao,Solteiro,12.0,True
37,A0038,35,Lisboa,Masculino,4,19,16,15,Escola B,Publica,Nao,Outro,13.5,True
38,A0039,21,Coimbra,Feminino,18,19,6,2,Escola B,Privada,Nao,Solteiro,11.25,True
39,A0040,42,Faro,Masculino,10,20,12,7,Escola A,Publica,Nao,Solteiro,12.25,True
40,A0041,31,Lisboa,Feminino,11,17,17,5,Escola C,Privada,Nao,Outro,12.5,True
41,A0042,26,Coimbra,Masculino,9,3,13,15,Escola B,Publica,Sim,Solteiro,10.0,True
42,A0043,43,Lisboa,Feminino,7,0,17,15,Escola A,Privada,Nao,Solteiro,9.75,False
43,A0044,19,Faro,Masculino,8,17,12,6,Escola D,Privada,Nao,Solteiro,10.75,True
44,A0045,37,Faro,Feminino,3,0,10,12,Escola B,Privada,Nao,Solteiro,6.25,False
45,A0046,45,Porto,Masculino,4,12,20,12,Escola B,Privada,Sim,Outro,12.0,True
46,A0047,24,Braga,Masculino,20,19,20,4,Escola C,Privada,Nao,Casado,15.75,True
47,A0048,25,Lisboa,Masculino,7,19,15,19,Escola B,Privada,Nao,Casado,15.0,True
48,A0049,52,Lisboa,Feminino,8,9,16,17,Escola B,Publica,Sim,Solteiro,12.5,True
49,A0050,31,Coimbra,Masculino,14,10,7,14,Escola D,Publica,Nao,Solteiro,11.25,True
50,A0051,34,Faro,Feminino,14,8,18,17,Escola A,Publica,Nao,Solteiro,14.25,True
51,A0052,53,Lisboa,Feminino,15,8,19,1,Escola A,Privada,Sim,Casado,10.75,True
52,A0053,57,Faro,Masculino,13,4,14,9,Escola C,Publica,Nao,Solteiro,10.0,True
53,A0054,21,Lisboa,Masculino,7,0,8,12,Escola D,Privada,Nao,Outro,6.75,False
54,A0055,19,Porto,Masculino,17,16,19,17,Escola A,Publica,Nao,Outro,17.25,True
55,A0056,23,Braga,Feminino,9,1,9,14,Escola D,Publica,Nao,Outro,8.25,False
56,A0057,59,Lisboa,Masculino,19,12,11,11,Escola A,Privada,Nao,Casado,13.25,True
57,A0058,21,Faro,Feminino,5,8,20,14,Escola D,Publica,Sim,Solteiro,11.75,True
58,A0059,46,Porto,Feminino,11,3,19,12,Escola C,Publica,Sim,Solteiro,11.25,True
59,A0060,35,Lisboa,Masculino,1,4,0,17,Escola B,Publica,Sim,Solteiro,5.5,False
60,A0061,43,Coimbra,Masculino,6,10,19,14,Escola C,Privada,Nao,Casado,12.25,True
61,A0062,51,Braga,Masculino,15,18,8,10,Escola A,Publica,Nao,Casado,12.75,True
62,A0063,27,Lisboa,Masculino,2,20,14,18,Escola C,Privada,Nao,Casado,13.5,True
63,A0064,53,Porto,Masculino,12,2,0,2,Escola B,Publica,Sim,Casado,4.0,False
64,A0065,31,Coimbra,Masculino,2,11,11,6,Escola C,Publica,Nao,Outro,7.5,False
65,A0066,48,Porto,Feminino,17,18,2,20,Escola A,Publica,Nao,Casado,14.25,True
66,A0067,32,Porto,Feminino,10,18,10,13,Escola A,Publica,Nao,Casado,12.75,True
67,A0068,25,Coimbra,Feminino,7,12,1,13,Escola C,Privada,Sim,Casado,8.25,False
68,A0069,31,Porto,Masculino,5,6,15,12,Escola B,Publica,Sim,Solteiro,9.5,False
69,A0070,40,Coimbra,Feminino,0,14,8,11,Escola C,Privada,Nao,Solteiro,8.25,False
70,A0071,57,Lisboa,Feminino,0,6,14,8,Escola B,Privada,Nao,Solteiro,7.0,False
71,A0072,38,Coimbra,Feminino,7,7,11,0,Escola D,Publica,Nao,Outro,6.25,False
72,A0073,33,Coimbra,Feminino,4,4,0,18,Escola B,Publica,Sim,Outro,6.5,False
73,A0074,35,Braga,Feminino,15,20,12,10,Escola D,Privada,Sim,Casado,14.25,True
74,A0075,41,Coimbra,Masculino,10,13,13,18,Escola C,Privada,Sim,Solteiro,13.5,True
75,A0076,43,Coimbra,Masculino,4,3,7,17,Escola B,Publica,Nao,Outro,7.75,False
76,A0077,42,Lisboa,Feminino,3,9,7,11,Escola D,Publica,Sim,Solteiro,7.5,False
77,A0078,58,Braga,Feminino,5,19,11,0,Escola D,Publica,Nao,Outro,8.75,False
78,A0079,46,Faro,Feminino,13,14,0,18,Escola D,Publica,Nao,Outro,11.25,True
79,A0080,32,Lisboa,Masculino,18,17,10,19,Escola A,Publica,Sim,Casado,16.0,True
80,A0081,18,Lisboa,Masculino,8,19,7,16,Escola C,Privada,Nao,Casado,12.5,True
81,A0082,42,Faro,Feminino,11,12,9,4,Escola D,Publica,Sim,Outro,9.0,False
82,A0083,24,Coimbra,Masculino,10,7,18,2,Escola B,Publica,Nao,Casado,9.25,False
83,A0084,26,Porto,Masculino,13,8,10,1,Escola D,Privada,Nao,Outro,8.0,False
84,A0085,41,Braga,Feminino,15,15,6,2,Escola A,Publica,Sim,Outro,9.5,False
85,A0086,18,Porto,Masculino,0,18,10,7,Escola C,Publica,Nao,Solteiro,8.75,False
86,A0087,25,Faro,Masculino,12,15,16,15,Escola A,Privada,Nao,Casado,14.5,True
87,A0088,41,Lisboa,Feminino,20,6,0,5,Escola A,Publica,Nao,Casado,7.75,False
88,A0089,28,Lisboa,Masculino,20,13,20,12,Escola A,Privada,Nao,Casado,16.25,True
89,A0090,34,Braga,Masculino,12,13,20,15,Escola B,Publica,Nao,Solteiro,15.0,True
90,A0091,25,Lisboa,Feminino,1,3,7,15,Escola C,Publica,Nao,Solteiro,6.5,False
91,A0092,52,Lisboa,Masculino,3,14,5,2,Escola C,Publica,Nao,Solteiro,6.0,False
92,A0093,52,Braga,Masculino,5,2,17,12,Escola B,Privada,Nao,Casado,9.0,False
93,A0094,50,Braga,Feminino,4,4,5,13,Escola C,Privada,Sim,Casado,6.5,False
94,A0095,22,Faro,Feminino,2,0,4,7,Escola A,Privada,Sim,Casado,3.25,False
95,A0096,59,Lisboa,Feminino,0,2,12,11,Escola C,Privada,Nao,Solteiro,6.25,False
96,A0097,56,Lisboa,Masculino,3,14,18,20,Escola B,Publica,Nao,Solteiro,13.75,True
97,A0098,58,Faro,Feminino,19,7,7,7,Escola A,Privada,Sim,Outro,10.0,True
98,A0099,45,Coimbra,Masculino,1,3,8,20,Escola B,Privada,Nao,Solteiro,8.0,False
99,A0100,24,Coimbra,Feminino,4,1,16,8,Escola D,Privada,Sim,Outro,7.25,False
100,A0101,26,Coimbra,Masculino,2,9,2,0,Escola A,Publica,Sim,Casado,3.25,False
101,A0102,25,Faro,Feminino,8,3,18,5,Escola A,Publica,Sim,Solteiro,8.5,False
102,A0103,29,Lisboa,Feminino,19,2,10,18,Escola C,Privada,Nao,Casado,12.25,True
103,A0104,51,Faro,Feminino,5,1,16,10,Escola A,Privada,Nao,Casado,8.0,False
104,A0105,50,Faro,Feminino,17,16,20,10,Escola B,Publica,Nao,Casado,15.75,True
105,A0106,40,Coimbra,Masculino,5,20,18,12,Escola C,Privada,Sim,Casado,13.75,True
106,A0107,41,Porto,Feminino,18,19,1,10,Escola D,Privada,Sim,Solteiro,12.0,True
107,A0108,54,Lisboa,Feminino,11,12,7,17,Escola B,Privada,Sim,Casado,11.75,True
108,A0109,52,Coimbra,Masculino,10,4,18,14,Escola D,Privada,Nao,Outro,11.5,True
109,A0110,57,Porto,Feminino,1,20,6,0,Escola D,Publica,Sim,Solteiro,6.75,False
110,A0111,39,Porto,Masculino,14,8,16,20,Escola D,Publica,Sim,Casado,14.5,True
111,A0112,44,Braga,Feminino,11,5,5,6,Escola A,Publica,Nao,Solteiro,6.75,False
112,A0113,52,Lisboa,Feminino,11,4,18,12,Escola B,Privada,Sim,Outro,11.25,True
113,A0114,18,Porto,Feminino,8,9,5,11,Escola B,Privada,Sim,Casado,8.25,False
114,A0115,52,Coimbra,Masculino,20,7,1,17,Escola A,Publica,Nao,Outro,11.25,True
115,A0116,54,Braga,Feminino,1,6,5,18,Escola C,Publica,Nao,Casado,7.5,False
116,A0117,31,Lisboa,Feminino,2,6,4,14,Escola D,Publica,Sim,Outro,6.5,False
117,A0118,20,Faro,Feminino,11,5,18,7,Escola B,Privada,Nao,Casado,10.25,True
118,A0119,18,Coimbra,Masculino,15,20,19,18,Escola A,Publica,Sim,Solteiro,18.0,True
119,A0120,22,Porto,Masculino,20,19,3,9,Escola D,Privada,Nao,Casado,12.75,True
120,A0121,43,Porto,Feminino,0,2,16,6,Escola C,Privada,Sim,Solteiro,6.0,False
121,A0122,31,Coimbra,Masculino,20,18,10,17,Escola C,Publica,Nao,Casado,16.25,True
122,A0123,56,Porto,Feminino,2,14,3,15,Escola D,Publica,Sim,Casado,8.5,False
123,A0124,44,Braga,Feminino,19,3,12,19,Escola C,Privada,Nao,Outro,13.25,True
124,A0125,26,Lisboa,Feminino,1,11,19,5,Escola B,Publica,Nao,Outro,9.0,False
125,A0126,32,Braga,Feminino,8,5,16,8,Escola B,Publica,Nao,Outro,9.25,False
126,A0127,32,Porto,Feminino,18,18,8,20,Escola B,Privada,Nao,Casado,16.0,True
127,A0128,43,Faro,Feminino,14,3,3,12,Escola C,Privada,Nao,Casado,8.0,False
128,A0129,59,Lisboa,Feminino,17,14,13,20,Escola B,Privada,Nao,Casado,16.0,True
129,A0130,30,Lisboa,Masculino,10,8,18,7,Escola A,Privada,Nao,Solteiro,10.75,True
130,A0131,49,Coimbra,Masculino,15,4,2,15,Escola B,Privada,Sim,Solteiro,9.0,False
131,A0132,56,Coimbra,Masculino,16,12,13,12,Escola B,Publica,Sim,Casado,13.25,True
132,A0133,49,Faro,Masculino,4,17,7,12,Escola C,Privada,Nao,Outro,10.0,True
133,A0134,21,Lisboa,Masculino,11,4,0,16,Escola B,Privada,Nao,Outro,7.75,False
134,A0135,47,Faro,Masculino,10,15,9,19,Escola D,Privada,Sim,Outro,13.25,True
135,A0136,54,Coimbra,Masculino,14,18,17,4,Escola A,Publica,Sim,Casado,13.25,True
136,A0137,40,Coimbra,Feminino,2,13,15,20,Escola C,Privada,Nao,Outro,12.5,True
137,A0138,56,Lisboa,Feminino,0,15,7,16,Escola A,Privada,Sim,Casado,9.5,False
138,A0139,32,Braga,Feminino,19,14,0,8,Escola D,Privada,Sim,Solteiro,10.25,True
139,A0140,46,Porto,Feminino,15,3,11,1,Escola C,Publica,Nao,Outro,7.5,False
140,A0141,53,Coimbra,Masculino,1,6,7,17,Escola C,Privada,Nao,Solteiro,7.75,False
141,A0142,30,Coimbra,Masculino,1,15,15,8,Escola B,Privada,Nao,Outro,9.75,False
142,A0143,49,Braga,Feminino,2,20,17,5,Escola A,Privada,Sim,Casado,11.0,True
143,A0144,24,Braga,Feminino,7,20,3,10,Escola D,Publica,Nao,Casado,10.0,True
144,A0145,39,Faro,Masculino,14,7,5,5,Escola D,Publica,Nao,Casado,7.75,False
145,A0146,45,Faro,Feminino,6,16,11,5,Escola C,Publica,Sim,Casado,9.5,False
146,A0147,19,Porto,Feminino,5,15,8,12,Escola B,Publica,Nao,Outro,10.0,True
147,A0148,59,Porto,Feminino,8,9,14,10,Escola C,Privada,Sim,Solteiro,10.25,True
148,A0149,23,Lisboa,Feminino,19,9,15,13,Escola C,Privada,Sim,Casado,14.0,True
149,A0150,45,Faro,Masculino,0,1,11,1,Escola C,Publica,Sim,Outro,3.25,False
150,A0151,45,Coimbra,Feminino,7,8,13,7,Escola C,Publica,Sim,Solteiro,8.75,False
151,A0152,37,Faro,Feminino,2,16,12,2,Escola D,Privada,Sim,Casado,8.0,False
152,A0153,47,Coimbra,Masculino,3,10,1,20,Escola D,Privada,Sim,Solteiro,8.5,False
153,A0154,28,Braga,Masculino,14,9,2,2,Escola C,Publica,Nao,Casado,6.75,False
154,A0155,45,Faro,Feminino,5,16,9,0,Escola C,Publica,Nao,Solteiro,7.5,False
155,A0156,42,Braga,Masculino,14,3,8,18,Escola B,Publica,Nao,Solteiro,10.75,True
156,A0157,56,Porto,Feminino,20,15,19,17,Escola C,Publica,Sim,Casado,17.75,True
157,A0158,50,Porto,Feminino,2,19,7,16,Escola D,Privada,Nao,Outro,11.0,True
158,A0159,18,Lisboa,Masculino,20,14,9,19,Escola A,Publica,Sim,Solteiro,15.5,True
159,A0160,44,Faro,Feminino,20,20,18,12,Escola D,Publica,Nao,Casado,17.5,True
160,A0161,30,Braga,Feminino,13,4,2,2,Escola B,Privada,Sim,Solteiro,5.25,False
161,A0162,58,Coimbra,Feminino,19,5,4,0,Escola D,Privada,Nao,Solteiro,7.0,False
162,A0163,20,Porto,Feminino,13,16,2,3,Escola A,Privada,Sim,Outro,8.5,False
163,A0164,56,Porto,Masculino,3,0,15,12,Escola C,Privada,Nao,Solteiro,7.5,False
164,A0165,23,Coimbra,Masculino,11,18,16,16,Escola A,Privada,Sim,Solteiro,15.25,True
165,A0166,25,Braga,Feminino,16,3,14,10,Escola C,Publica,Nao,Casado,10.75,True
166,A0167,44,Braga,Masculino,6,16,2,1,Escola C,Publica,Sim,Casado,6.25,False
167,A0168,26,Faro,Feminino,8,8,11,15,Escola D,Publica,Nao,Outro,10.5,True
168,A0169,54,Faro,Feminino,2,1,8,1,Escola D,Privada,Nao,Solteiro,3.0,False
169,A0170,50,Lisboa,Feminino,12,7,20,18,Escola D,Publica,Nao,Solteiro,14.25,True
170,A0171,59,Porto,Feminino,14,14,11,18,Escola B,Privada,Sim,Solteiro,14.25,True
171,A0172,41,Faro,Feminino,17,6,14,15,Escola D,Publica,Sim,Outro,13.0,True
172,A0173,32,Braga,Masculino,18,5,1,18,Escola B,Publica,Sim,Solteiro,10.5,True
173,A0174,49,Coimbra,Feminino,0,0,17,8,Escola D,Privada,Sim,Casado,6.25,False
174,A0175,49,Braga,Masculino,5,14,19,0,Escola C,Privada,Sim,Outro,9.5,False
175,A0176,41,Porto,Masculino,1,6,11,9,Escola B,Publica,Nao,Casado,6.75,False
176,A0177,58,Braga,Feminino,13,16,3,18,Escola A,Publica,Sim,Casado,12.5,True
177,A0178,29,Lisboa,Feminino,5,1,15,0,Escola B,Publica,Nao,Outro,5.25,False
178,A0179,56,Porto,Feminino,13,8,15,1,Escola B,Publica,Nao,Casado,9.25,False
179,A0180,19,Coimbra,Feminino,3,8,0,15,Escola A,Publica,Sim,Solteiro,6.5,False
180,A0181,20,Lisboa,Feminino,20,12,1,11,Escola B,Privada,Nao,Outro,11.0,True
181,A0182,54,Porto,Masculino,7,5,2,7,Escola C,Privada,Sim,Casado,5.25,False
182,A0183,34,Coimbra,Feminino,2,5,20,17,Escola D,Privada,Sim,Solteiro,11.0,True
183,A0184,19,Lisboa,Feminino,18,19,19,1,Escola A,Privada,Sim,Solteiro,14.25,True
184,A0185,19,Lisboa,Masculino,13,19,16,12,Escola D,Publica,Nao,Casado,15.0,True
185,A0186,45,Porto,Masculino,19,20,19,5,Escola C,Publica,Sim,Solteiro,15.75,True
186,A0187,40,Faro,Feminino,16,2,20,20,Escola A,Privada,Sim,Outro,14.5,True
187,A0188,54,Lisboa,Masculino,7,16,0,5,Escola D,Publica,Sim,Casado,7.0,False
188,A0189,49,Lisboa,Feminino,13,16,19,8,Escola D,Privada,Nao,Solteiro,14.0,True
189,A0190,50,Coimbra,Masculino,5,11,5,15,Escola C,Publica,Sim,Solteiro,9.0,False
190,A0191,18,Braga,Masculino,15,15,14,10,Escola D,Publica,Nao,Casado,13.5,True
191,A0192,36,Porto,Feminino,18,14,13,6,Escola C,Publica,Nao,Casado,12.75,True
192,A0193,19,Porto,Masculino,13,12,19,9,Escola B,Privada,Sim,Casado,13.25,True
193,A0194,43,Faro,Masculino,18,0,14,9,Escola C,Privada,Nao,Casado,10.25,True
194,A0195,49,Faro,Masculino,2,16,13,19,Escola B,Privada,Nao,Outro,12.5,True
195,A0196,23,Porto,Masculino,9,2,20,17,Escola A,Privada,Sim,Casado,12.0,True
196,A0197,49,Faro,Masculino,18,14,4,19,Escola D,Publica,Sim,Outro,13.75,True
197,A0198,21,Coimbra,Masculino,8,3,5,8,Escola C,Publica,Sim,Outro,6.0,False
198,A0199,28,Porto,Feminino,19,3,16,14,Escola C,Publica,Nao,Casado,13.0,True
199,A0200,34,Faro,Feminino,12,17,10,3,Escola D,Publica,Sim,Outro,10.5,True
200,A0201,55,Porto,Masculino,6,16,15,7,Escola D,Privada,Nao,Casado,11.0,True
201,A0202,41,Braga,Feminino,13,18,11,8,Escola A,Publica,Nao,Casado,12.5,True
202,A0203,22,Lisboa,Feminino,8,10,14,12,Escola A,Publica,Nao,Solteiro,11.0,True
203,A0204,51,Porto,Feminino,18,19,3,8,Escola C,Publica,Nao,Casado,12.0,True
204,A0205,23,Lisboa,Masculino,14,2,17,3,Escola A,Privada,Nao,Solteiro,9.0,False
205,A0206,39,Faro,Feminino,19,7,20,16,Escola B,Privada,Sim,Outro,15.5,True
206,A0207,28,Lisboa,Masculino,13,13,2,15,Escola A,Privada,Sim,Solteiro,10.75,True
207,A0208,33,Porto,Feminino,5,0,7,14,Escola A,Publica,Nao,Outro,6.5,False
208,A0209,50,Braga,Masculino,20,13,2,2,Escola C,Privada,Nao,Casado,9.25,False
209,A0210,26,Faro,Masculino,3,1,7,19,Escola B,Publica,Sim,Outro,7.5,False
210,A0211,23,Porto,Feminino,7,3,17,4,Escola A,Publica,Sim,Outro,7.75,False
211,A0212,33,Faro,Feminino,16,18,9,4,Escola B,Publica,Nao,Casado,11.75,True
212,A0213,46,Coimbra,Masculino,8,5,19,19,Escola B,Privada,Nao,Outro,12.75,True
213,A0214,20,Lisboa,Feminino,0,0,16,14,Escola B,Privada,Sim,Casado,7.5,False
214,A0215,37,Coimbra,Feminino,19,16,7,17,Escola D,Publica,Sim,Solteiro,14.75,True
215,A0216,53,Porto,Feminino,13,7,10,14,Escola D,Publica,Nao,Casado,11.0,True
216,A0217,36,Braga,Masculino,10,18,4,1,Escola D,Privada,Sim,Casado,8.25,False
217,A0218,43,Faro,Masculino,20,20,12,12,Escola D,Privada,Sim,Outro,16.0,True
218,A0219,20,Lisboa,Feminino,2,0,20,3,Escola C,Privada,Nao,Solteiro,6.25,False
219,A0220,36,Faro,Feminino,8,4,4,9,Escola A,Publica,Nao,Casado,6.25,False
220,A0221,37,Porto,Feminino,13,15,12,12,Escola D,Publica,Nao,Solteiro,13.0,True
221,A0222,49,Faro,Masculino,8,5,5,9,Escola C,Publica,Sim,Solteiro,6.75,False
222,A0223,24,Lisboa,Masculino,3,7,4,8,Escola A,Privada,Nao,Outro,5.5,False
223,A0224,58,Porto,Feminino,3,12,8,7,Escola D,Privada,Sim,Casado,7.5,False
224,A0225,50,Faro,Feminino,7,15,15,2,Escola A,Privada,Nao,Outro,9.75,False
225,A0226,57,Braga,Feminino,1,2,1,15,Escola D,Publica,Nao,Casado,4.75,False
226,A0227,56,Porto,Feminino,8,18,0,13,Escola C,Publica,Sim,Solteiro,9.75,False
227,A0228,35,Porto,Feminino,13,11,7,8,Escola B,Privada,Sim,Casado,9.75,False
228,A0229,57,Braga,Feminino,8,15,18,20,Escola B,Publica,Nao,Casado,15.25,True
229,A0230,18,Coimbra,Masculino,15,10,10,10,Escola A,Privada,Nao,Solteiro,11.25,True
230,A0231,28,Lisboa,Feminino,16,9,11,2,Escola C,Publica,Sim,Solteiro,9.5,False
231,A0232,45,Coimbra,Masculino,15,19,11,4,Escola B,Privada,Nao,Casado,12.25,True
232,A0233,42,Faro,Feminino,11,3,6,9,Escola D,Publica,Sim,Outro,7.25,False
233,A0234,40,Braga,Feminino,2,11,12,12,Escola B,Publica,Sim,Casado,9.25,False
234,A0235,48,Coimbra,Masculino,10,1,7,3,Escola A,Privada,Nao,Solteiro,5.25,False
235,A0236,47,Porto,Masculino,13,18,8,12,Escola A,Privada,Sim,Outro,12.75,True
236,A0237,59,Faro,Masculino,17,4,6,11,Escola C,Privada,Sim,Solteiro,9.5,False
237,A0238,52,Faro,Masculino,20,7,20,4,Escola A,Privada,Sim,Solteiro,12.75,True
238,A0239,24,Coimbra,Feminino,20,6,14,9,Escola B,Privada,Nao,Outro,12.25,True
239,A0240,33,Coimbra,Masculino,4,13,1,8,Escola B,Publica,Sim,Solteiro,6.5,False
240,A0241,43,Braga,Feminino,15,2,19,19,Escola B,Privada,Nao,Solteiro,13.75,True
241,A0242,19,Lisboa,Masculino,19,17,11,6,Escola B,Privada,Nao,Solteiro,13.25,True
242,A0243,18,Coimbra,Feminino,4,15,0,1,Escola C,Privada,Nao,Solteiro,5.0,False
243,A0244,29,Coimbra,Feminino,2,18,7,6,Escola D,Publica,Sim,Solteiro,8.25,False
244,A0245,22,Porto,Feminino,11,18,4,7,Escola D,Privada,Sim,Solteiro,10.0,True
245,A0246,54,Faro,Feminino,0,17,14,6,Escola C,Privada,Nao,Solteiro,9.25,False
246,A0247,49,Lisboa,Feminino,20,19,0,20,Escola A,Privada,Nao,Solteiro,14.75,True
247,A0248,26,Porto,Feminino,8,15,0,13,Escola D,Publica,Sim,Solteiro,9.0,False
248,A0249,58,Braga,Masculino,8,7,9,18,Escola A,Publica,Nao,Casado,10.5,True
249,A0250,52,Braga,Feminino,3,0,9,4,Escola D,Privada,Nao,Casado,4.0,False
250,A0251,36,Coimbra,Masculino,2,16,20,17,Escola A,Publica,Sim,Solteiro,13.75,True
251,A0252,33,Coimbra,Masculino,16,11,14,19,Escola C,Privada,Nao,Casado,15.0,True
252,A0253,20,Braga,Feminino,1,20,16,11,Escola B,Publica,Sim,Outro,12.0,True
253,A0254,37,Coimbra,Masculino,0,10,5,16,Escola A,Privada,Sim,Casado,7.75,False
254,A0255,41,Lisboa,Feminino,7,4,2,12,Escola B,Publica,Nao,Solteiro,6.25,False
255,A0256,50,Coimbra,Masculino,12,11,12,1,Escola A,Privada,Sim,Solteiro,9.0,False
256,A0257,41,Faro,Feminino,14,16,15,12,Escola A,Privada,Sim,Casado,14.25,True
257,A0258,28,Coimbra,Masculino,7,5,7,6,Escola A,Publica,Sim,Solteiro,6.25,False
258,A0259,25,Porto,Feminino,11,0,14,9,Escola A,Privada,Nao,Outro,8.5,False
259,A0260,53,Lisboa,Feminino,11,4,16,5,Escola A,Privada,Nao,Outro,9.0,False
260,A0261,55,Porto,Feminino,13,13,16,2,Escola B,Privada,Nao,Solteiro,11.0,True
261,A0262,57,Porto,Feminino,14,4,12,2,Escola A,Privada,Sim,Outro,8.0,False
262,A0263,37,Faro,Masculino,14,0,16,17,Escola B,Publica,Sim,Outro,11.75,True
263,A0264,52,Lisboa,Feminino,8,17,5,10,Escola C,Privada,Nao,Casado,10.0,True
264,A0265,42,Lisboa,Masculino,18,15,16,19,Escola D,Publica,Nao,Outro,17.0,True
265,A0266,52,Lisboa,Masculino,19,8,15,4,Escola A,Publica,Sim,Casado,11.5,True
266,A0267,42,Lisboa,Masculino,7,18,13,18,Escola D,Publica,Nao,Solteiro,14.0,True
267,A0268,46,Lisboa,Feminino,20,4,12,18,Escola B,Publica,Nao,Casado,13.5,True
268,A0269,35,Faro,Masculino,18,1,5,14,Escola C,Privada,Nao,Solteiro,9.5,False
269,A0270,35,Coimbra,Masculino,5,14,2,15,Escola C,Privada,Nao,Solteiro,9.0,False
270,A0271,19,Porto,Masculino,19,6,13,8,Escola C,Publica,Nao,Solteiro,11.5,True
271,A0272,52,Lisboa,Feminino,18,3,13,3,Escola D,Privada,Sim,Solteiro,9.25,False
272,A0273,33,Coimbra,Feminino,3,0,14,14,Escola B,Publica,Nao,Solteiro,7.75,False
273,A0274,58,Coimbra,Masculino,6,12,7,11,Escola A,Privada,Nao,Casado,9.0,False
274,A0275,53,Porto,Feminino,3,19,14,2,Escola A,Privada,Sim,Solteiro,9.5,False
275,A0276,50,Faro,Feminino,11,6,12,13,Escola B,Privada,Sim,Outro,10.5,True
276,A0277,21,Braga,Masculino,12,14,16,16,Escola D,Publica,Sim,Outro,14.5,True
277,A0278,50,Braga,Masculino,2,13,20,18,Escola A,Publica,Sim,Solteiro,13.25,True
278,A0279,31,Coimbra,Feminino,11,18,2,5,Escola B,Privada,Nao,Outro,9.0,False
279,A0280,38,Porto,Masculino,1,19,5,3,Escola A,Publica,Nao,Casado,7.0,False
280,A0281,37,Braga,Feminino,1,17,4,6,Escola C,Publica,Nao,Casado,7.0,False
281,A0282,25,Coimbra,Feminino,8,9,16,18,Escola A,Privada,Nao,Solteiro,12.75,True
282,A0283,24,Faro,Feminino,0,8,1,16,Escola D,Publica,Sim,Solteiro,6.25,False
283,A0284,20,Braga,Feminino,7,7,14,15,Escola B,Privada,Sim,Solteiro,10.75,True
284,A0285,34,Coimbra,Feminino,5,9,4,14,Escola D,Privada,Nao,Outro,8.0,False
285,A0286,50,Coimbra,Feminino,5,16,19,7,Escola B,Privada,Nao,Outro,11.75,True
286,A0287,29,Lisboa,Masculino,17,1,5,18,Escola C,Publica,Nao,Casado,10.25,True
287,A0288,39,Faro,Masculino,16,5,5,7,Escola B,Privada,Nao,Outro,8.25,False
288,A0289,39,Lisboa,Feminino,11,4,17,17,Escola A,Privada,Sim,Casado,12.25,True
289,A0290,47,Porto,Feminino,5,8,17,15,Escola A,Publica,Nao,Outro,11.25,True
290,A0291,55,Lisboa,Feminino,7,4,3,19,Escola C,Publica,Sim,Casado,8.25,False
291,A0292,55,Lisboa,Masculino,18,17,16,18,Escola B,Publica,Sim,Solteiro,17.25,True
292,A0293,25,Braga,Feminino,9,19,13,9,Escola C,Publica,Sim,Outro,12.5,True
293,A0294,44,Coimbra,Masculino,0,8,13,16,Escola A,Privada,Sim,Casado,9.25,False
294,A0295,44,Faro,Feminino,12,16,12,12,Escola D,Publica,Nao,Outro,13.0,True
295,A0296,51,Lisboa,Feminino,16,16,6,12,Escola C,Publica,Nao,Solteiro,12.5,True
296,A0297,38,Faro,Masculino,2,11,11,6,Escola D,Publica,Nao,Casado,7.5,False
297,A0298,47,Lisboa,Masculino,7,6,14,9,Escola D,Publica,Nao,Outro,9.0,False
298,A0299,50,Porto,Feminino,13,2,18,1,Escola B,Privada,Sim,Outro,8.5,False
299,A0300,45,Lisboa,Feminino,2,9,10,3,Escola C,Publica,Sim,Solteiro,6.0,False
300,A0301,50,Braga,Feminino,15,1,14,5,Escola D,Privada,Sim,Solteiro,8.75,False
301,A0302,22,Coimbra,Masculino,12,2,11,17,Escola D,Publica,Nao,Casado,10.5,True
302,A0303,36,Porto,Masculino,19,15,2,5,Escola B,Privada,Sim,Outro,10.25,True
303,A0304,21,Lisboa,Masculino,16,1,16,16,Escola B,Privada,Sim,Outro,12.25,True
304,A0305,52,Faro,Masculino,12,9,2,13,Escola A,Publica,Sim,Solteiro,9.0,False
305,A0306,34,Porto,Masculino,5,5,18,10,Escola D,Privada,Sim,Solteiro,9.5,False
306,A0307,45,Porto,Masculino,16,10,19,18,Escola A,Publica,Nao,Casado,15.75,True
307,A0308,47,Lisboa,Feminino,13,6,3,1,Escola D,Privada,Sim,Outro,5.75,False
308,A0309,46,Porto,Feminino,16,14,2,2,Escola A,Privada,Sim,Outro,8.5,False
309,A0310,23,Faro,Masculino,7,5,15,10,Escola B,Privada,Nao,Casado,9.25,False
310,A0311,52,Porto,Feminino,10,19,11,5,Escola C,Publica,Nao,Casado,11.25,True
311,A0312,58,Faro,Feminino,19,8,7,13,Escola B,Privada,Nao,Solteiro,11.75,True
312,A0313,54,Lisboa,Masculino,0,19,16,18,Escola A,Publica,Sim,Solteiro,13.25,True
313,A0314,41,Coimbra,Feminino,6,11,6,15,Escola A,Privada,Sim,Casado,9.5,False
314,A0315,46,Porto,Masculino,20,18,10,20,Escola C,Privada,Sim,Casado,17.0,True
315,A0316,48,Coimbra,Masculino,20,19,17,6,Escola D,Privada,Sim,Outro,15.5,True
316,A0317,52,Faro,Feminino,16,2,0,7,Escola A,Privada,Nao,Casado,6.25,False
317,A0318,50,Porto,Masculino,9,14,2,18,Escola A,Privada,Sim,Casado,10.75,True
318,A0319,38,Braga,Masculino,10,1,3,19,Escola A,Privada,Sim,Outro,8.25,False
319,A0320,49,Coimbra,Masculino,8,20,12,15,Escola C,Publica,Nao,Casado,13.75,True
320,A0321,40,Porto,Masculino,8,1,5,6,Escola B,Publica,Nao,Solteiro,5.0,False
321,A0322,50,Coimbra,Masculino,4,2,13,8,Escola A,Publica,Nao,Solteiro,6.75,False
322,A0323,20,Porto,Masculino,16,5,4,12,Escola C,Privada,Sim,Outro,9.25,False
323,A0324,35,Lisboa,Masculino,8,14,15,0,Escola A,Publica,Sim,Casado,9.25,False
324,A0325,42,Coimbra,Masculino,16,9,14,7,Escola D,Privada,Sim,Solteiro,11.5,True
325,A0326,59,Braga,Feminino,20,8,14,3,Escola C,Publica,Sim,Solteiro,11.25,True
326,A0327,48,Braga,Feminino,18,0,3,2,Escola A,Publica,Sim,Solteiro,5.75,False
327,A0328,20,Faro,Feminino,6,15,7,2,Escola C,Privada,Nao,Solteiro,7.5,False
328,A0329,57,Porto,Masculino,8,5,15,12,Escola A,Privada,Nao,Casado,10.0,True
329,A0330,41,Coimbra,Masculino,6,8,15,7,Escola B,Publica,Sim,Casado,9.0,False
330,A0331,49,Faro,Feminino,12,3,3,6,Escola A,Publica,Sim,Casado,6.0,False
331,A0332,39,Coimbra,Feminino,10,1,12,0,Escola C,Publica,Sim,Casado,5.75,False
332,A0333,40,Porto,Feminino,13,3,12,15,Escola D,Publica,Sim,Solteiro,10.75,True
333,A0334,19,Braga,Masculino,18,0,1,5,Escola D,Privada,Sim,Outro,6.0,False
334,A0335,44,Lisboa,Feminino,10,18,2,6,Escola D,Publica,Nao,Outro,9.0,False
335,A0336,59,Braga,Feminino,12,9,7,11,Escola A,Privada,Nao,Solteiro,9.75,False
336,A0337,19,Faro,Masculino,13,20,14,8,Escola B,Privada,Nao,Solteiro,13.75,True
337,A0338,43,Lisboa,Feminino,12,14,10,10,Escola A,Publica,Sim,Outro,11.5,True
338,A0339,34,Faro,Masculino,0,18,8,9,Escola D,Privada,Sim,Outro,8.75,False
339,A0340,57,Porto,Masculino,7,15,6,20,Escola C,Publica,Nao,Solteiro,12.0,True
340,A0341,50,Lisboa,Masculino,11,20,12,0,Escola D,Privada,Nao,Solteiro,10.75,True
341,A0342,26,Faro,Feminino,18,3,1,17,Escola C,Privada,Sim,Casado,9.75,False
342,A0343,56,Porto,Feminino,11,1,7,3,Escola B,Publica,Nao,Casado,5.5,False
343,A0344,46,Braga,Masculino,7,12,6,4,Escola C,Privada,Nao,Outro,7.25,False
344,A0345,59,Porto,Feminino,7,0,11,8,Escola A,Privada,Sim,Solteiro,6.5,False
345,A0346,43,Coimbra,Feminino,20,16,18,16,Escola A,Publica,Nao,Outro,17.5,True
346,A0347,52,Porto,Feminino,12,12,6,2,Escola A,Privada,Nao,Casado,8.0,False
347,A0348,42,Porto,Feminino,11,3,9,15,Escola C,Privada,Nao,Casado,9.5,False
348,A0349,41,Coimbra,Masculino,15,6,15,4,Escola A,Publica,Sim,Outro,10.0,True
349,A0350,30,Faro,Feminino,0,16,2,15,Escola A,Publica,Nao,Casado,8.25,False
350,A0351,24,Faro,Masculino,12,8,9,2,Escola A,Privada,Nao,Solteiro,7.75,False
351,A0352,53,Porto,Masculino,6,3,5,19,Escola B,Privada,Nao,Outro,8.25,False
352,A0353,37,Coimbra,Feminino,4,18,17,14,Escola C,Privada,Sim,Solteiro,13.25,True
353,A0354,18,Coimbra,Masculino,7,0,17,2,Escola C,Publica,Sim,Solteiro,6.5,False
354,A0355,25,Braga,Feminino,13,9,4,19,Escola D,Privada,Nao,Casado,11.25,True
355,A0356,33,Faro,Feminino,12,3,20,13,Escola C,Privada,Sim,Solteiro,12.0,True
356,A0357,31,Lisboa,Masculino,14,8,6,15,Escola B,Privada,Nao,Outro,10.75,True
357,A0358,29,Faro,Masculino,16,12,1,16,Escola C,Privada,Sim,Solteiro,11.25,True
358,A0359,40,Faro,Masculino,14,13,10,19,Escola B,Privada,Sim,Solteiro,14.0,True
359,A0360,32,Braga,Masculino,19,9,12,17,Escola B,Privada,Nao,Solteiro,14.25,True
360,A0361,45,Lisboa,Feminino,17,5,4,17,Escola C,Publica,Nao,Solteiro,10.75,True
361,A0362,51,Braga,Feminino,17,15,5,13,Escola D,Publica,Nao,Solteiro,12.5,True
362,A0363,19,Lisboa,Feminino,1,5,13,17,Escola A,Privada,Sim,Casado,9.0,False
363,A0364,49,Porto,Masculino,3,16,11,14,Escola A,Privada,Nao,Outro,11.0,True
364,A0365,40,Lisboa,Masculino,0,9,3,14,Escola C,Publica,Sim,Casado,6.5,False
365,A0366,39,Braga,Masculino,3,17,5,5,Escola C,Publica,Sim,Outro,7.5,False
366,A0367,42,Faro,Feminino,17,17,9,14,Escola B,Publica,Nao,Outro,14.25,True
367,A0368,39,Lisboa,Masculino,4,2,17,17,Escola C,Privada,Sim,Outro,10.0,True
368,A0369,39,Lisboa,Feminino,18,19,14,3,Escola B,Privada,Nao,Outro,13.5,True
369,A0370,59,Coimbra,Masculino,14,20,7,7,Escola D,Privada,Sim,Outro,12.0,True
370,A0371,23,Faro,Feminino,7,14,8,14,Escola C,Privada,Nao,Solteiro,10.75,True
371,A0372,32,Porto,Feminino,19,14,4,2,Escola A,Publica,Sim,Casado,9.75,False
372,A0373,54,Braga,Masculino,16,3,9,14,Escola A,Publica,Sim,Casado,10.5,True
373,A0374,50,Porto,Masculino,0,8,19,12,Escola C,Publica,Nao,Solteiro,9.75,False
374,A0375,25,Faro,Feminino,11,18,5,8,Escola B,Publica,Sim,Outro,10.5,True
375,A0376,22,Lisboa,Feminino,18,16,15,1,Escola A,Privada,Nao,Casado,12.5,True
376,A0377,56,Lisboa,Masculino,14,10,2,7,Escola B,Privada,Sim,Solteiro,8.25,False
377,A0378,21,Faro,Masculino,8,8,9,19,Escola C,Publica,Sim,Solteiro,11.0,True
378,A0379,23,Lisboa,Feminino,6,9,10,16,Escola C,Publica,Sim,Casado,10.25,True
379,A0380,49,Lisboa,Masculino,1,17,10,12,Escola A,Publica,Nao,Casado,10.0,True
380,A0381,47,Lisboa,Feminino,8,19,16,0,Escola C,Publica,Nao,Outro,10.75,True
381,A0382,52,Braga,Feminino,9,12,3,1,Escola D,Publica,Nao,Outro,6.25,False
382,A0383,57,Braga,Masculino,1,7,3,14,Escola D,Privada,Nao,Casado,6.25,False
383,A0384,33,Coimbra,Masculino,18,6,16,11,Escola A,Privada,Nao,Outro,12.75,True
384,A0385,30,Porto,Masculino,10,16,8,13,Escola D,Publica,Sim,Solteiro,11.75,True
385,A0386,59,Faro,Masculino,12,20,18,1,Escola B,Publica,Sim,Outro,12.75,True
386,A0387,47,Faro,Masculino,9,14,4,17,Escola A,Publica,Nao,Outro,11.0,True
387,A0388,36,Faro,Feminino,13,19,5,6,Escola A,Privada,Sim,Solteiro,10.75,True
388,A0389,34,Coimbra,Feminino,17,14,2,5,Escola B,Privada,Sim,Outro,9.5,False
389,A0390,36,Braga,Masculino,18,0,0,13,Escola D,Privada,Sim,Solteiro,7.75,False
390,A0391,45,Coimbra,Masculino,8,13,19,7,Escola D,Publica,Sim,Outro,11.75,True
391,A0392,43,Faro,Masculino,6,4,15,1,Escola D,Privada,Nao,Casado,6.5,False
392,A0393,54,Porto,Feminino,2,10,10,16,Escola A,Publica,Sim,Outro,9.5,False
393,A0394,43,Lisboa,Masculino,19,15,12,4,Escola A,Privada,Nao,Casado,12.5,True
394,A0395,40,Braga,Masculino,5,1,9,13,Escola D,Privada,Nao,Casado,7.0,False
395,A0396,26,Braga,Feminino,20,7,2,19,Escola C,Privada,Sim,Casado,12.0,True
396,A0397,29,Coimbra,Feminino,1,10,8,20,Escola D,Publica,Nao,Casado,9.75,False
397,A0398,18,Braga,Masculino,5,17,11,20,Escola B,Publica,Sim,Casado,13.25,True
398,A0399,18,Faro,Masculino,2,2,13,2,Escola A,Privada,Sim,Solteiro,4.75,False
399,A0400,51,Faro,Masculino,15,0,0,4,Escola B,Publica,Sim,Solteiro,4.75,False
400,A0401,49,Coimbra,Feminino,7,10,17,15,Escola B,Publica,Nao,Solteiro,12.25,True
401,A0402,42,Faro,Masculino,1,15,16,17,Escola A,Publica,Nao,Casado,12.25,True
402,A0403,57,Porto,Masculino,16,17,8,16,Escola C,Publica,Nao,Outro,14.25,True
403,A0404,18,Coimbra,Masculino,8,15,8,10,Escola D,Publica,Sim,Solteiro,10.25,True
404,A0405,33,Porto,Feminino,11,9,9,16,Escola B,Publica,Sim,Outro,11.25,True
405,A0406,56,Lisboa,Feminino,2,17,18,15,Escola A,Publica,Sim,Outro,13.0,True
406,A0407,22,Porto,Masculino,10,5,14,1,Escola B,Privada,Nao,Casado,7.5,False
407,A0408,39,Lisboa,Masculino,0,18,4,3,Escola D,Publica,Sim,Casado,6.25,False
408,A0409,46,Lisboa,Feminino,12,3,14,20,Escola C,Publica,Sim,Casado,12.25,True
409,A0410,20,Porto,Feminino,14,12,19,6,Escola C,Privada,Nao,Solteiro,12.75,True
410,A0411,29,Coimbra,Feminino,4,13,1,1,Escola C,Privada,Nao,Casado,4.75,False
411,A0412,43,Faro,Feminino,20,2,12,5,Escola A,Privada,Nao,Solteiro,9.75,False
412,A0413,33,Faro,Feminino,16,9,15,16,Escola A,Privada,Sim,Solteiro,14.0,True
413,A0414,54,Lisboa,Feminino,5,5,14,6,Escola C,Publica,Sim,Solteiro,7.5,False
414,A0415,39,Lisboa,Feminino,20,0,9,4,Escola D,Privada,Sim,Solteiro,8.25,False
415,A0416,46,Coimbra,Feminino,10,13,13,4,Escola D,Privada,Nao,Casado,10.0,True
416,A0417,31,Braga,Feminino,17,7,9,19,Escola A,Publica,Nao,Solteiro,13.0,True
417,A0418,45,Porto,Masculino,3,18,13,15,Escola C,Publica,Nao,Casado,12.25,True
418,A0419,22,Lisboa,Masculino,2,13,8,18,Escola D,Publica,Nao,Casado,10.25,True
419,A0420,47,Faro,Masculino,12,9,13,8,Escola D,Privada,Sim,Solteiro,10.5,True
420,A0421,22,Coimbra,Feminino,8,16,2,4,Escola D,Publica,Sim,Casado,7.5,False
421,A0422,29,Porto,Masculino,20,8,19,7,Escola A,Privada,Sim,Outro,13.5,True
422,A0423,33,Coimbra,Feminino,5,5,15,8,Escola C,Publica,Sim,Casado,8.25,False
423,A0424,43,Porto,Feminino,11,10,1,4,Escola B,Publica,Sim,Casado,6.5,False
424,A0425,43,Porto,Masculino,1,6,9,9,Escola C,Privada,Sim,Solteiro,6.25,False
425,A0426,38,Lisboa,Feminino,2,16,2,1,Escola C,Publica,Sim,Solteiro,5.25,False
426,A0427,56,Coimbra,Masculino,2,0,10,8,Escola A,Publica,Sim,Casado,5.0,False
427,A0428,53,Coimbra,Masculino,11,4,10,10,Escola D,Publica,Nao,Solteiro,8.75,False
428,A0429,50,Faro,Masculino,14,8,20,3,Escola D,Publica,Nao,Outro,11.25,True
429,A0430,47,Faro,Feminino,8,17,20,1,Escola A,Publica,Sim,Outro,11.5,True
430,A0431,54,Lisboa,Masculino,7,20,12,5,Escola A,Privada,Nao,Solteiro,11.0,True
431,A0432,40,Lisboa,Feminino,10,1,6,13,Escola A,Privada,Sim,Casado,7.5,False
432,A0433,27,Braga,Masculino,15,10,16,0,Escola A,Publica,Sim,Outro,10.25,True
433,A0434,22,Faro,Masculino,3,5,1,17,Escola A,Privada,Nao,Outro,6.5,False
434,A0435,53,Porto,Masculino,0,7,11,6,Escola B,Privada,Sim,Casado,6.0,False
435,A0436,51,Coimbra,Feminino,6,3,9,0,Escola C,Privada,Sim,Solteiro,4.5,False
436,A0437,48,Lisboa,Feminino,1,17,17,0,Escola C,Publica,Sim,Outro,8.75,False
437,A0438,27,Coimbra,Feminino,4,10,10,0,Escola C,Publica,Sim,Casado,6.0,False
438,A0439,36,Coimbra,Masculino,6,4,15,3,Escola D,Publica,Sim,Casado,7.0,False
439,A0440,49,Braga,Masculino,3,14,16,3,Escola B,Privada,Sim,Outro,9.0,False
440,A0441,18,Faro,Feminino,4,17,18,17,Escola C,Privada,Sim,Solteiro,14.0,True
441,A0442,22,Lisboa,Feminino,0,1,17,10,Escola D,Publica,Nao,Outro,7.0,False
442,A0443,21,Coimbra,Feminino,0,10,2,0,Escola B,Publica,Nao,Casado,3.0,False
443,A0444,33,Lisboa,Feminino,14,12,20,9,Escola B,Privada,Sim,Outro,13.75,True
444,A0445,41,Porto,Feminino,19,3,15,8,Escola D,Privada,Nao,Solteiro,11.25,True
445,A0446,33,Braga,Feminino,18,6,5,3,Escola B,Publica,Sim,Casado,8.0,False
446,A0447,19,Porto,Masculino,9,10,11,5,Escola D,Privada,Sim,Solteiro,8.75,False
447,A0448,45,Lisboa,Feminino,17,3,10,15,Escola C,Privada,Sim,Outro,11.25,True
448,A0449,49,Lisboa,Masculino,2,14,14,1,Escola D,Privada,Sim,Outro,7.75,False
449,A0450,44,Faro,Masculino,10,0,14,17,Escola B,Privada,Nao,Solteiro,10.25,True
450,A0451,37,Coimbra,Feminino,14,2,15,9,Escola C,Privada,Nao,Outro,10.0,True
451,A0452,41,Coimbra,Feminino,10,13,9,16,Escola C,Privada,Nao,Solteiro,12.0,True
452,A0453,29,Porto,Masculino,16,5,11,12,Escola A,Privada,Nao,Outro,11.0,True
453,A0454,52,Braga,Feminino,16,17,12,17,Escola A,Publica,Sim,Solteiro,15.5,True
454,A0455,50,Coimbra,Feminino,5,0,3,12,Escola B,Publica,Nao,Solteiro,5.0,False
455,A0456,50,Faro,Masculino,4,5,6,16,Escola D,Privada,Sim,Casado,7.75,False
456,A0457,54,Porto,Masculino,7,5,1,4,Escola D,Privada,Sim,Casado,4.25,False
457,A0458,29,Porto,Masculino,1,20,14,10,Escola B,Privada,Nao,Solteiro,11.25,True
458,A0459,20,Faro,Feminino,15,15,7,6,Escola C,Publica,Sim,Outro,10.75,True
459,A0460,18,Braga,Masculino,19,4,6,9,Escola B,Publica,Nao,Outro,9.5,False
460,A0461,50,Faro,Feminino,11,16,14,16,Escola B,Privada,Nao,Outro,14.25,True
461,A0462,57,Braga,Masculino,5,9,13,14,Escola C,Publica,Nao,Solteiro,10.25,True
462,A0463,27,Faro,Masculino,0,20,7,17,Escola D,Privada,Nao,Solteiro,11.0,True
463,A0464,46,Faro,Masculino,3,17,11,18,Escola B,Privada,Nao,Solteiro,12.25,True
464,A0465,30,Lisboa,Feminino,16,6,12,1,Escola D,Privada,Sim,Solteiro,8.75,False
465,A0466,29,Porto,Feminino,12,2,10,3,Escola B,Privada,Nao,Casado,6.75,False
466,A0467,48,Faro,Masculino,17,12,16,2,Escola C,Privada,Nao,Solteiro,11.75,True
467,A0468,19,Faro,Masculino,4,14,16,6,Escola C,Privada,Sim,Outro,10.0,True
468,A0469,52,Coimbra,Masculino,2,19,3,17,Escola A,Privada,Nao,Casado,10.25,True
469,A0470,40,Porto,Feminino,10,18,20,9,Escola C,Publica,Nao,Outro,14.25,True
470,A0471,34,Coimbra,Masculino,12,2,7,6,Escola A,Privada,Sim,Solteiro,6.75,False
471,A0472,43,Porto,Feminino,3,3,4,7,Escola B,Publica,Sim,Casado,4.25,False
472,A0473,25,Coimbra,Masculino,13,4,15,5,Escola D,Privada,Nao,Solteiro,9.25,False
473,A0474,46,Faro,Masculino,10,0,3,0,Escola C,Privada,Sim,Casado,3.25,False
474,A0475,43,Faro,Masculino,9,3,14,3,Escola C,Publica,Nao,Outro,7.25,False
475,A0476,27,Lisboa,Masculino,18,11,11,13,Escola C,Publica,Sim,Solteiro,13.25,True
476,A0477,43,Coimbra,Masculino,17,9,4,16,Escola B,Privada,Nao,Solteiro,11.5,True
477,A0478,51,Braga,Masculino,5,20,15,19,Escola A,Publica,Nao,Casado,14.75,True
478,A0479,58,Lisboa,Feminino,14,19,13,17,Escola B,Privada,Nao,Casado,15.75,True
479,A0480,24,Coimbra,Masculino,20,12,9,10,Escola D,Privada,Sim,Solteiro,12.75,True
480,A0481,21,Coimbra,Feminino,9,13,6,20,Escola B,Publica,Nao,Casado,12.0,True
481,A0482,28,Lisboa,Masculino,4,4,12,13,Escola D,Publica,Sim,Solteiro,8.25,False
482,A0483,46,Faro,Masculino,4,3,19,8,Escola C,Publica,Nao,Casado,8.5,False
483,A0484,53,Coimbra,Feminino,9,13,4,14,Escola D,Publica,Nao,Outro,10.0,True
484,A0485,42,Faro,Masculino,4,9,2,11,Escola D,Privada,Nao,Casado,6.5,False
485,A0486,38,Lisboa,Feminino,2,16,14,9,Escola A,Publica,Nao,Outro,10.25,True
486,A0487,53,Faro,Feminino,5,9,3,18,Escola D,Publica,Nao,Casado,8.75,False
487,A0488,27,Porto,Masculino,3,6,14,18,Escola D,Publica,Sim,Casado,10.25,True
488,A0489,54,Braga,Feminino,17,15,13,5,Escola B,Publica,Sim,Solteiro,12.5,True
489,A0490,26,Coimbra,Feminino,8,0,19,19,Escola C,Publica,Sim,Casado,11.5,True
490,A0491,41,Braga,Masculino,16,16,18,5,Escola B,Privada,Nao,Casado,13.75,True
491,A0492,52,Faro,Feminino,12,20,12,7,Escola B,Privada,Nao,Outro,12.75,True
492,A0493,52,Coimbra,Masculino,14,8,9,0,Escola C,Publica,Sim,Casado,7.75,False
493,A0494,53,Faro,Masculino,19,5,20,16,Escola C,Publica,Nao,Solteiro,15.0,True
494,A0495,35,Porto,Masculino,16,18,4,16,Escola D,Privada,Nao,Outro,13.5,True
495,A0496,56,Lisboa,Masculino,12,12,19,14,Escola D,Publica,Nao,Solteiro,14.25,True
496,A0497,49,Coimbra,Feminino,15,2,19,6,Escola A,Privada,Sim,Solteiro,10.5,True
497,A0498,41,Porto,Masculino,3,6,5,18,Escola B,Privada,Sim,Solteiro,8.0,False
498,A0499,40,Porto,Masculino,4,8,3,2,Escola C,Publica,Sim,Solteiro,4.25,False
499,A0500,49,Coimbra,Feminino,4,4,1,10,Escola D,Privada,Sim,Outro,4.75,False
500,A0501,54,Faro,Masculino,8,9,15,19,Escola C,Publica,Sim,Casado,12.75,True
501,A0502,29,Porto,Masculino,16,16,17,18,Escola D,Publica,Nao,Solteiro,16.75,True
502,A0503,30,Braga,Feminino,12,11,4,8,Escola A,Privada,Nao,Outro,8.75,False
503,A0504,40,Porto,Feminino,1,15,3,9,Escola A,Privada,Nao,Solteiro,7.0,False
504,A0505,42,Faro,Feminino,12,2,12,1,Escola C,Publica,Nao,Casado,6.75,False
505,A0506,52,Faro,Feminino,20,8,18,0,Escola A,Privada,Sim,Outro,11.5,True
506,A0507,58,Braga,Feminino,18,14,1,15,Escola C,Publica,Sim,Outro,12.0,True
507,A0508,47,Porto,Feminino,2,4,12,17,Escola D,Privada,Nao,Casado,8.75,False
508,A0509,34,Faro,Feminino,9,12,10,16,Escola B,Privada,Sim,Outro,11.75,True
509,A0510,37,Coimbra,Masculino,1,13,3,5,Escola A,Publica,Nao,Casado,5.5,False
510,A0511,42,Lisboa,Feminino,12,19,19,13,Escola D,Publica,Nao,Outro,15.75,True
511,A0512,39,Lisboa,Feminino,18,14,19,14,Escola B,Publica,Nao,Outro,16.25,True
512,A0513,30,Lisboa,Feminino,16,15,14,13,Escola B,Privada,Nao,Casado,14.5,True
513,A0514,36,Porto,Masculino,20,12,3,2,Escola B,Publica,Sim,Casado,9.25,False
514,A0515,53,Braga,Masculino,13,16,8,18,Escola D,Publica,Nao,Outro,13.75,True
515,A0516,29,Faro,Feminino,11,7,6,11,Escola D,Privada,Sim,Outro,8.75,False
516,A0517,58,Coimbra,Feminino,20,20,18,1,Escola C,Privada,Nao,Casado,14.75,True
517,A0518,36,Coimbra,Feminino,11,1,18,2,Escola B,Publica,Nao,Casado,8.0,False
518,A0519,29,Porto,Masculino,10,4,5,17,Escola B,Publica,Nao,Outro,9.0,False
519,A0520,26,Lisboa,Masculino,6,5,5,0,Escola B,Publica,Nao,Outro,4.0,False
520,A0521,24,Porto,Feminino,3,11,19,19,Escola C,Publica,Sim,Outro,13.0,True
521,A0522,45,Braga,Masculino,18,17,14,20,Escola B,Privada,Nao,Casado,17.25,True
522,A0523,31,Braga,Feminino,0,0,14,5,Escola D,Privada,Sim,Outro,4.75,False
523,A0524,48,Faro,Masculino,2,16,19,4,Escola B,Publica,Nao,Solteiro,10.25,True
524,A0525,36,Faro,Masculino,12,10,8,0,Escola A,Publica,Nao,Casado,7.5,False
525,A0526,33,Braga,Feminino,14,9,3,18,Escola D,Publica,Nao,Outro,11.0,True
526,A0527,22,Braga,Feminino,1,18,17,0,Escola C,Privada,Sim,Casado,9.0,False
527,A0528,52,Braga,Feminino,10,13,17,20,Escola B,Publica,Nao,Solteiro,15.0,True
528,A0529,29,Porto,Feminino,3,9,4,20,Escola A,Publica,Nao,Casado,9.0,False
529,A0530,42,Braga,Masculino,18,14,19,15,Escola C,Privada,Nao,Outro,16.5,True
530,A0531,38,Coimbra,Masculino,16,18,10,11,Escola C,Privada,Nao,Solteiro,13.75,True
531,A0532,53,Lisboa,Masculino,2,3,4,7,Escola D,Publica,Nao,Solteiro,4.0,False
532,A0533,40,Braga,Feminino,17,1,3,15,Escola C,Publica,Sim,Outro,9.0,False
533,A0534,33,Lisboa,Masculino,7,8,11,0,Escola C,Privada,Sim,Outro,6.5,False
534,A0535,56,Porto,Feminino,18,9,1,3,Escola C,Publica,Nao,Outro,7.75,False
535,A0536,59,Lisboa,Masculino,4,10,12,9,Escola C,Publica,Nao,Casado,8.75,False
536,A0537,56,Porto,Feminino,6,13,9,10,Escola B,Privada,Sim,Casado,9.5,False
537,A0538,31,Coimbra,Feminino,20,6,8,16,Escola B,Privada,Nao,Casado,12.5,True
538,A0539,48,Porto,Masculino,7,14,9,6,Escola B,Privada,Sim,Outro,9.0,False
539,A0540,22,Porto,Feminino,4,18,6,11,Escola B,Publica,Nao,Outro,9.75,False
540,A0541,52,Faro,Feminino,16,14,3,20,Escola A,Privada,Nao,Casado,13.25,True
541,A0542,40,Braga,Masculino,4,7,18,6,Escola B,Privada,Sim,Solteiro,8.75,False
542,A0543,46,Braga,Feminino,3,10,9,11,Escola C,Publica,Nao,Casado,8.25,False
543,A0544,28,Coimbra,Feminino,18,8,2,14,Escola B,Publica,Sim,Solteiro,10.5,True
544,A0545,35,Coimbra,Feminino,20,14,20,1,Escola B,Privada,Sim,Outro,13.75,True
545,A0546,29,Braga,Masculino,1,0,18,13,Escola D,Privada,Sim,Outro,8.0,False
546,A0547,26,Faro,Masculino,10,0,20,12,Escola C,Publica,Nao,Casado,10.5,True
547,A0548,27,Braga,Feminino,12,18,1,3,Escola B,Publica,Sim,Casado,8.5,False
548,A0549,34,Faro,Masculino,14,2,19,13,Escola B,Privada,Sim,Outro,12.0,True
549,A0550,55,Coimbra,Feminino,11,9,9,13,Escola B,Privada,Nao,Casado,10.5,True
550,A0551,24,Lisboa,Feminino,20,7,1,15,Escola A,Publica,Nao,Outro,10.75,True
551,A0552,30,Coimbra,Feminino,10,14,1,6,Escola B,Privada,Nao,Outro,7.75,False
552,A0553,57,Coimbra,Feminino,6,9,16,18,Escola D,Publica,Nao,Solteiro,12.25,True
553,A0554,59,Porto,Feminino,4,0,15,1,Escola C,Privada,Nao,Casado,5.0,False
554,A0555,26,Porto,Masculino,16,17,15,9,Escola C,Publica,Nao,Outro,14.25,True
555,A0556,44,Porto,Feminino,19,1,13,17,Escola B,Publica,Sim,Casado,12.5,True
556,A0557,19,Porto,Masculino,8,18,6,16,Escola B,Privada,Nao,Solteiro,12.0,True
557,A0558,22,Faro,Masculino,13,12,20,4,Escola B,Privada,Sim,Solteiro,12.25,True
558,A0559,46,Braga,Feminino,11,0,10,11,Escola C,Publica,Nao,Casado,8.0,False
559,A0560,54,Lisboa,Feminino,5,1,0,5,Escola C,Privada,Sim,Casado,2.75,False
560,A0561,55,Coimbra,Masculino,16,15,10,8,Escola A,Privada,Sim,Outro,12.25,True
561,A0562,36,Faro,Masculino,18,14,20,19,Escola D,Privada,Nao,Solteiro,17.75,True
562,A0563,25,Lisboa,Masculino,18,12,3,0,Escola A,Publica,Nao,Solteiro,8.25,False
563,A0564,18,Faro,Feminino,15,15,6,14,Escola D,Privada,Sim,Solteiro,12.5,True
564,A0565,39,Faro,Masculino,11,16,14,20,Escola A,Privada,Nao,Casado,15.25,True
565,A0566,34,Coimbra,Feminino,11,20,17,5,Escola C,Publica,Nao,Outro,13.25,True
566,A0567,24,Braga,Feminino,19,6,11,18,Escola A,Privada,Sim,Casado,13.5,True
567,A0568,42,Porto,Feminino,5,16,16,17,Escola D,Privada,Sim,Casado,13.5,True
568,A0569,21,Braga,Masculino,3,6,0,5,Escola B,Publica,Sim,Casado,3.5,False
569,A0570,53,Coimbra,Feminino,5,12,10,12,Escola D,Publica,Nao,Outro,9.75,False
570,A0571,23,Coimbra,Feminino,10,4,0,0,Escola B,Privada,Nao,Casado,3.5,False
571,A0572,48,Coimbra,Feminino,0,16,14,12,Escola C,Privada,Nao,Solteiro,10.5,True
572,A0573,36,Lisboa,Feminino,14,2,20,6,Escola D,Publica,Nao,Solteiro,10.5,True
573,A0574,56,Braga,Feminino,10,6,9,14,Escola A,Publica,Sim,Solteiro,9.75,False
574,A0575,44,Braga,Masculino,18,16,6,11,Escola D,Privada,Nao,Outro,12.75,True
575,A0576,27,Faro,Feminino,17,6,1,0,Escola B,Privada,Sim,Casado,6.0,False
576,A0577,43,Faro,Feminino,16,20,9,14,Escola C,Privada,Nao,Outro,14.75,True
577,A0578,36,Faro,Masculino,18,0,3,3,Escola A,Publica,Nao,Casado,6.0,False
578,A0579,56,Coimbra,Feminino,20,16,11,12,Escola D,Privada,Sim,Solteiro,14.75,True
579,A0580,20,Braga,Masculino,13,16,18,4,Escola B,Publica,Nao,Casado,12.75,True
580,A0581,30,Coimbra,Feminino,17,10,10,1,Escola A,Publica,Nao,Casado,9.5,False
581,A0582,45,Lisboa,Masculino,18,2,7,0,Escola C,Publica,Sim,Casado,6.75,False
582,A0583,37,Faro,Masculino,14,14,17,15,Escola A,Privada,Nao,Outro,15.0,True
583,A0584,45,Coimbra,Feminino,14,20,10,5,Escola C,Privada,Sim,Casado,12.25,True
584,A0585,25,Coimbra,Feminino,3,10,10,15,Escola A,Privada,Sim,Casado,9.5,False
585,A0586,58,Lisboa,Feminino,6,15,12,13,Escola D,Publica,Sim,Casado,11.5,True
586,A0587,56,Porto,Masculino,12,8,2,2,Escola B,Privada,Sim,Outro,6.0,False
587,A0588,18,Braga,Masculino,2,0,11,14,Escola D,Publica,Nao,Outro,6.75,False
588,A0589,20,Porto,Masculino,15,15,2,2,Escola D,Publica,Nao,Outro,8.5,False
589,A0590,30,Faro,Feminino,8,8,9,1,Escola C,Publica,Nao,Casado,6.5,False
590,A0591,45,Coimbra,Masculino,7,18,16,0,Escola C,Publica,Sim,Solteiro,10.25,True
591,A0592,42,Lisboa,Masculino,19,11,1,8,Escola C,Publica,Nao,Solteiro,9.75,False
592,A0593,50,Lisboa,Feminino,12,18,16,8,Escola D,Publica,Nao,Solteiro,13.5,True
593,A0594,55,Braga,Masculino,16,8,15,6,Escola A,Privada,Nao,Casado,11.25,True
594,A0595,23,Porto,Masculino,16,6,1,2,Escola A,Publica,Nao,Solteiro,6.25,False
595,A0596,49,Braga,Feminino,16,13,19,17,Escola D,Privada,Sim,Solteiro,16.25,True
596,A0597,38,Coimbra,Masculino,0,18,5,10,Escola D,Publica,Sim,Solteiro,8.25,False
597,A0598,33,Braga,Feminino,7,18,9,6,Escola B,Privada,Nao,Casado,10.0,True
598,A0599,38,Lisboa,Feminino,18,1,9,8,Escola C,Privada,Sim,Solteiro,9.0,False
599,A0600,28,Lisboa,Feminino,5,8,7,0,Escola C,Privada,Nao,Solteiro,5.0,False
600,A0601,54,Faro,Feminino,2,12,0,13,Escola D,Privada,Nao,Casado,6.75,False
601,A0602,53,Faro,Feminino,4,14,12,19,Escola D,Publica,Nao,Outro,12.25,True
602,A0603,52,Coimbra,Masculino,12,2,8,5,Escola A,Publica,Sim,Solteiro,6.75,False
603,A0604,36,Porto,Masculino,14,10,9,6,Escola D,Publica,Nao,Outro,9.75,False
604,A0605,37,Braga,Feminino,13,20,14,9,Escola A,Publica,Sim,Solteiro,14.0,True
605,A0606,35,Coimbra,Feminino,15,13,4,6,Escola D,Privada,Sim,Casado,9.5,False
606,A0607,58,Faro,Masculino,17,7,15,1,Escola B,Privada,Nao,Outro,10.0,True
607,A0608,31,Braga,Feminino,10,17,12,3,Escola B,Privada,Sim,Outro,10.5,True
608,A0609,32,Faro,Feminino,2,18,19,20,Escola A,Publica,Sim,Outro,14.75,True
609,A0610,48,Braga,Feminino,9,15,17,16,Escola C,Privada,Nao,Outro,14.25,True
610,A0611,18,Porto,Masculino,9,1,10,0,Escola B,Publica,Sim,Solteiro,5.0,False
611,A0612,20,Coimbra,Masculino,20,7,8,9,Escola A,Privada,Sim,Solteiro,11.0,True
612,A0613,33,Braga,Feminino,15,5,15,18,Escola D,Privada,Nao,Outro,13.25,True
613,A0614,40,Lisboa,Feminino,11,11,1,14,Escola D,Privada,Nao,Solteiro,9.25,False
614,A0615,28,Lisboa,Masculino,1,14,1,9,Escola A,Privada,Sim,Outro,6.25,False
615,A0616,29,Braga,Masculino,8,7,11,18,Escola C,Privada,Nao,Outro,11.0,True
616,A0617,27,Braga,Feminino,2,3,7,11,Escola A,Publica,Nao,Casado,5.75,False
617,A0618,49,Braga,Feminino,14,14,8,15,Escola A,Privada,Sim,Outro,12.75,True
618,A0619,33,Lisboa,Masculino,2,19,11,8,Escola B,Publica,Sim,Solteiro,10.0,True
619,A0620,25,Lisboa,Masculino,18,16,8,14,Escola A,Publica,Nao,Outro,14.0,True
620,A0621,55,Braga,Masculino,17,12,9,16,Escola A,Publica,Sim,Casado,13.5,True
621,A0622,29,Faro,Feminino,7,17,1,13,Escola D,Publica,Nao,Solteiro,9.5,False
622,A0623,41,Faro,Masculino,16,1,15,17,Escola B,Publica,Nao,Casado,12.25,True
623,A0624,45,Porto,Feminino,7,12,19,1,Escola D,Publica,Sim,Casado,9.75,False
624,A0625,25,Coimbra,Masculino,6,12,6,3,Escola D,Publica,Sim,Outro,6.75,False
625,A0626,45,Faro,Masculino,6,14,1,17,Escola C,Publica,Nao,Casado,9.5,False
626,A0627,53,Lisboa,Masculino,2,19,0,6,Escola C,Privada,Nao,Casado,6.75,False
627,A0628,43,Faro,Masculino,0,9,18,12,Escola B,Privada,Nao,Solteiro,9.75,False
628,A0629,25,Porto,Feminino,3,2,3,14,Escola B,Publica,Nao,Casado,5.5,False
629,A0630,45,Porto,Feminino,4,18,1,0,Escola C,Publica,Sim,Outro,5.75,False
630,A0631,45,Coimbra,Masculino,0,2,13,10,Escola C,Publica,Nao,Outro,6.25,False
631,A0632,54,Faro,Feminino,14,13,1,9,Escola C,Privada,Sim,Outro,9.25,False
632,A0633,58,Lisboa,Masculino,4,7,14,4,Escola C,Privada,Sim,Casado,7.25,False
633,A0634,53,Lisboa,Masculino,12,3,11,15,Escola C,Publica,Nao,Solteiro,10.25,True
634,A0635,44,Braga,Masculino,7,19,4,10,Escola D,Publica,Sim,Outro,10.0,True
635,A0636,34,Lisboa,Masculino,7,10,19,20,Escola B,Privada,Sim,Casado,14.0,True
636,A0637,26,Coimbra,Feminino,4,10,6,5,Escola D,Privada,Nao,Outro,6.25,False
637,A0638,50,Coimbra,Masculino,8,10,20,8,Escola D,Publica,Sim,Outro,11.5,True
638,A0639,37,Lisboa,Masculino,0,1,9,12,Escola A,Publica,Sim,Solteiro,5.5,False
639,A0640,30,Lisboa,Feminino,3,16,13,7,Escola D,Publica,Nao,Outro,9.75,False
640,A0641,45,Braga,Masculino,2,8,13,13,Escola C,Publica,Nao,Solteiro,9.0,False
641,A0642,46,Lisboa,Masculino,1,1,4,0,Escola C,Privada,Nao,Casado,1.5,False
642,A0643,30,Braga,Masculino,7,14,17,16,Escola A,Privada,Nao,Outro,13.5,True
643,A0644,52,Braga,Feminino,8,15,13,4,Escola A,Publica,Nao,Casado,10.0,True
644,A0645,23,Lisboa,Masculino,1,3,1,1,Escola A,Publica,Nao,Casado,1.5,False
645,A0646,35,Porto,Feminino,13,7,11,8,Escola A,Publica,Nao,Casado,9.75,False
646,A0647,22,Porto,Masculino,13,8,5,3,Escola A,Privada,Sim,Outro,7.25,False
647,A0648,42,Braga,Masculino,3,4,3,16,Escola D,Publica,Sim,Solteiro,6.5,False
648,A0649,19,Lisboa,Feminino,5,15,12,16,Escola A,Publica,Nao,Outro,12.0,True
649,A0650,27,Porto,Masculino,10,12,3,20,Escola D,Publica,Sim,Casado,11.25,True
650,A0651,47,Lisboa,Masculino,2,6,13,17,Escola B,Privada,Sim,Solteiro,9.5,False
651,A0652,22,Lisboa,Feminino,7,19,15,15,Escola A,Publica,Nao,Casado,14.0,True
652,A0653,50,Lisboa,Feminino,2,16,3,7,Escola A,Privada,Sim,Solteiro,7.0,False
653,A0654,18,Faro,Feminino,13,2,0,10,Escola D,Publica,Nao,Outro,6.25,False
654,A0655,35,Lisboa,Feminino,12,4,12,20,Escola B,Publica,Sim,Solteiro,12.0,True
655,A0656,49,Faro,Feminino,12,18,3,20,Escola D,Publica,Nao,Outro,13.25,True
656,A0657,28,Braga,Masculino,1,11,19,17,Escola D,Privada,Sim,Casado,12.0,True
657,A0658,38,Porto,Feminino,12,6,17,9,Escola A,Publica,Sim,Solteiro,11.0,True
658,A0659,43,Porto,Masculino,18,8,5,12,Escola C,Publica,Sim,Casado,10.75,True
659,A0660,42,Porto,Masculino,5,5,2,16,Escola C,Privada,Nao,Solteiro,7.0,False
660,A0661,39,Porto,Masculino,15,16,12,17,Escola D,Privada,Sim,Outro,15.0,True
661,A0662,44,Porto,Feminino,1,15,15,9,Escola A,Privada,Sim,Solteiro,10.0,True
662,A0663,30,Porto,Feminino,7,2,4,15,Escola B,Publica,Nao,Solteiro,7.0,False
663,A0664,50,Porto,Masculino,16,20,3,19,Escola C,Privada,Nao,Outro,14.5,True
664,A0665,51,Braga,Feminino,1,3,20,4,Escola B,Publica,Sim,Outro,7.0,False
665,A0666,58,Lisboa,Feminino,9,9,7,12,Escola C,Privada,Sim,Outro,9.25,False
666,A0667,52,Coimbra,Feminino,15,4,18,17,Escola A,Privada,Sim,Solteiro,13.5,True
667,A0668,18,Faro,Feminino,5,20,13,16,Escola D,Privada,Sim,Casado,13.5,True
668,A0669,38,Coimbra,Masculino,1,9,6,8,Escola B,Publica,Nao,Solteiro,6.0,False
669,A0670,23,Coimbra,Masculino,1,11,13,13,Escola B,Publica,Sim,Solteiro,9.5,False
670,A0671,45,Lisboa,Feminino,12,9,5,16,Escola D,Publica,Sim,Casado,10.5,True
671,A0672,34,Lisboa,Masculino,14,12,11,3,Escola B,Publica,Nao,Outro,10.0,True
672,A0673,22,Lisboa,Feminino,1,10,15,17,Escola C,Publica,Sim,Solteiro,10.75,True
673,A0674,48,Porto,Feminino,6,15,16,19,Escola D,Publica,Sim,Casado,14.0,True
674,A0675,22,Braga,Masculino,2,7,12,14,Escola C,Publica,Sim,Outro,8.75,False
675,A0676,55,Porto,Masculino,7,7,13,10,Escola C,Publica,Nao,Outro,9.25,False
676,A0677,20,Braga,Masculino,13,7,6,11,Escola A,Publica,Nao,Solteiro,9.25,False
677,A0678,40,Braga,Feminino,6,12,13,8,Escola C,Privada,Sim,Outro,9.75,False
678,A0679,54,Coimbra,Masculino,20,1,14,12,Escola A,Privada,Sim,Outro,11.75,True
679,A0680,54,Coimbra,Feminino,6,11,11,14,Escola B,Publica,Nao,Casado,10.5,True
680,A0681,27,Braga,Masculino,0,9,16,14,Escola B,Publica,Sim,Casado,9.75,False
681,A0682,27,Braga,Masculino,16,11,8,4,Escola A,Publica,Sim,Outro,9.75,False
682,A0683,36,Porto,Feminino,8,10,14,18,Escola C,Publica,Nao,Casado,12.5,True
683,A0684,34,Porto,Feminino,20,14,11,19,Escola D,Privada,Nao,Outro,16.0,True
684,A0685,38,Coimbra,Feminino,12,15,1,13,Escola D,Privada,Nao,Solteiro,10.25,True
685,A0686,31,Lisboa,Feminino,20,16,4,16,Escola A,Publica,Sim,Casado,14.0,True
686,A0687,26,Braga,Feminino,18,1,12,17,Escola B,Privada,Sim,Outro,12.0,True
687,A0688,18,Porto,Feminino,20,17,19,20,Escola B,Privada,Sim,Outro,19.0,True
688,A0689,30,Coimbra,Feminino,18,11,7,2,Escola D,Publica,Sim,Casado,9.5,False
689,A0690,21,Porto,Feminino,16,18,13,1,Escola A,Publica,Nao,Casado,12.0,True
690,A0691,18,Braga,Masculino,9,17,14,0,Escola D,Publica,Sim,Solteiro,10.0,True
691,A0692,57,Braga,Feminino,9,16,10,9,Escola C,Publica,Sim,Outro,11.0,True
692,A0693,49,Faro,Feminino,3,5,0,18,Escola C,Privada,Nao,Solteiro,6.5,False
693,A0694,51,Lisboa,Masculino,7,14,20,16,Escola A,Publica,Nao,Solteiro,14.25,True
694,A0695,45,Faro,Feminino,19,2,2,11,Escola A,Privada,Sim,Solteiro,8.5,False
695,A0696,48,Coimbra,Masculino,19,5,16,0,Escola C,Publica,Nao,Casado,10.0,True
696,A0697,25,Porto,Masculino,17,2,18,11,Escola B,Privada,Nao,Solteiro,12.0,True
697,A0698,56,Coimbra,Feminino,13,0,13,16,Escola A,Publica,Sim,Casado,10.5,True
698,A0699,43,Braga,Masculino,17,12,7,2,Escola C,Publica,Sim,Casado,9.5,False
699,A0700,51,Faro,Feminino,13,20,12,10,Escola C,Privada,Sim,Solteiro,13.75,True
700,A0701,20,Faro,Masculino,19,13,19,16,Escola B,Privada,Sim,Solteiro,16.75,True
701,A0702,29,Faro,Masculino,20,12,2,2,Escola B,Privada,Nao,Outro,9.0,False
702,A0703,18,Coimbra,Masculino,14,3,4,7,Escola B,Publica,Nao,Solteiro,7.0,False
703,A0704,22,Braga,Feminino,3,6,8,19,Escola B,Privada,Sim,Outro,9.0,False
704,A0705,47,Porto,Feminino,12,9,5,3,Escola D,Privada,Sim,Solteiro,7.25,False
705,A0706,47,Porto,Masculino,7,6,1,20,Escola B,Privada,Nao,Solteiro,8.5,False
706,A0707,34,Coimbra,Masculino,17,20,12,6,Escola D,Privada,Sim,Solteiro,13.75,True
707,A0708,40,Faro,Feminino,11,14,4,13,Escola A,Privada,Sim,Solteiro,10.5,True
708,A0709,32,Lisboa,Feminino,13,14,7,13,Escola C,Privada,Sim,Outro,11.75,True
709,A0710,54,Coimbra,Masculino,1,3,0,3,Escola D,Privada,Sim,Outro,1.75,False
710,A0711,38,Coimbra,Masculino,17,5,19,15,Escola A,Privada,Nao,Solteiro,14.0,True
711,A0712,31,Braga,Feminino,1,19,11,0,Escola A,Privada,Sim,Solteiro,7.75,False
712,A0713,19,Porto,Feminino,10,4,10,16,Escola D,Publica,Nao,Outro,10.0,True
713,A0714,28,Coimbra,Feminino,8,19,6,9,Escola A,Publica,Sim,Casado,10.5,True
714,A0715,56,Coimbra,Feminino,11,11,14,15,Escola A,Privada,Sim,Casado,12.75,True
715,A0716,55,Faro,Feminino,16,0,10,15,Escola D,Publica,Nao,Casado,10.25,True
716,A0717,51,Faro,Masculino,14,7,15,7,Escola A,Publica,Sim,Outro,10.75,True
717,A0718,55,Lisboa,Feminino,16,0,2,6,Escola B,Privada,Nao,Outro,6.0,False
718,A0719,51,Braga,Masculino,17,4,19,5,Escola B,Privada,Sim,Casado,11.25,True
719,A0720,35,Lisboa,Feminino,5,5,13,15,Escola C,Privada,Sim,Casado,9.5,False
720,A0721,47,Faro,Masculino,16,20,2,19,Escola A,Privada,Sim,Solteiro,14.25,True
721,A0722,32,Porto,Feminino,17,2,0,15,Escola C,Privada,Sim,Outro,8.5,False
722,A0723,44,Faro,Feminino,7,14,20,6,Escola B,Privada,Sim,Outro,11.75,True
723,A0724,51,Braga,Masculino,8,4,14,8,Escola B,Publica,Nao,Casado,8.5,False
724,A0725,55,Faro,Masculino,5,13,0,13,Escola B,Privada,Nao,Casado,7.75,False
725,A0726,50,Braga,Feminino,4,17,16,10,Escola A,Publica,Sim,Outro,11.75,True
726,A0727,41,Braga,Feminino,11,15,1,13,Escola A,Privada,Sim,Solteiro,10.0,True
727,A0728,32,Braga,Feminino,10,5,19,6,Escola B,Privada,Nao,Casado,10.0,True
728,A0729,47,Braga,Feminino,0,13,5,0,Escola C,Publica,Nao,Outro,4.5,False
729,A0730,59,Braga,Feminino,10,7,7,12,Escola C,Privada,Sim,Outro,9.0,False
730,A0731,34,Porto,Masculino,18,6,15,19,Escola D,Privada,Sim,Solteiro,14.5,True
731,A0732,22,Lisboa,Masculino,8,7,18,2,Escola B,Publica,Nao,Solteiro,8.75,False
732,A0733,46,Coimbra,Feminino,1,12,0,19,Escola C,Privada,Sim,Casado,8.0,False
733,A0734,21,Lisboa,Masculino,11,5,2,3,Escola B,Publica,Nao,Casado,5.25,False
734,A0735,27,Braga,Masculino,3,17,2,10,Escola C,Privada,Sim,Casado,8.0,False
735,A0736,34,Porto,Masculino,3,1,4,1,Escola D,Privada,Nao,Outro,2.25,False
736,A0737,27,Faro,Feminino,17,7,11,13,Escola D,Publica,Nao,Casado,12.0,True
737,A0738,34,Porto,Masculino,14,10,11,11,Escola B,Privada,Sim,Outro,11.5,True
738,A0739,37,Braga,Feminino,18,0,19,16,Escola C,Publica,Nao,Casado,13.25,True
739,A0740,41,Porto,Masculino,12,5,12,11,Escola A,Publica,Sim,Solteiro,10.0,True
740,A0741,22,Porto,Feminino,18,15,19,11,Escola D,Publica,Sim,Solteiro,15.75,True
741,A0742,51,Braga,Masculino,16,19,8,0,Escola B,Privada,Sim,Outro,10.75,True
742,A0743,23,Porto,Feminino,5,11,6,12,Escola B,Privada,Sim,Solteiro,8.5,False
743,A0744,19,Coimbra,Feminino,15,10,3,13,Escola C,Publica,Nao,Outro,10.25,True
744,A0745,30,Coimbra,Masculino,11,9,18,1,Escola B,Privada,Sim,Outro,9.75,False
745,A0746,28,Porto,Feminino,18,2,18,11,Escola D,Privada,Sim,Solteiro,12.25,True
746,A0747,40,Faro,Feminino,4,12,5,20,Escola B,Privada,Sim,Outro,10.25,True
747,A0748,33,Braga,Feminino,16,2,12,15,Escola B,Publica,Sim,Solteiro,11.25,True
748,A0749,48,Coimbra,Feminino,0,14,10,3,Escola A,Privada,Nao,Casado,6.75,False
749,A0750,28,Faro,Feminino,9,15,12,7,Escola A,Publica,Sim,Casado,10.75,True
750,A0751,33,Porto,Feminino,14,12,12,1,Escola D,Privada,Nao,Solteiro,9.75,False
751,A0752,25,Faro,Feminino,20,16,19,9,Escola C,Privada,Nao,Solteiro,16.0,True
752,A0753,21,Lisboa,Feminino,20,2,14,8,Escola A,Publica,Nao,Solteiro,11.0,True
753,A0754,57,Coimbra,Masculino,10,19,20,14,Escola C,Privada,Sim,Solteiro,15.75,True
754,A0755,21,Porto,Masculino,12,10,12,12,Escola D,Publica,Sim,Casado,11.5,True
755,A0756,42,Braga,Feminino,4,20,10,16,Escola A,Privada,Sim,Outro,12.5,True
756,A0757,20,Porto,Feminino,0,18,18,15,Escola C,Publica,Sim,Outro,12.75,True
757,A0758,49,Braga,Masculino,11,10,7,1,Escola A,Privada,Nao,Casado,7.25,False
758,A0759,20,Porto,Masculino,10,15,19,19,Escola D,Privada,Nao,Outro,15.75,True
759,A0760,44,Faro,Masculino,16,20,7,19,Escola D,Privada,Sim,Casado,15.5,True
760,A0761,46,Faro,Feminino,3,2,9,13,Escola A,Publica,Sim,Outro,6.75,False
761,A0762,49,Faro,Masculino,14,5,15,2,Escola C,Publica,Sim,Solteiro,9.0,False
762,A0763,36,Lisboa,Feminino,8,13,18,11,Escola B,Publica,Sim,Solteiro,12.5,True
763,A0764,38,Braga,Feminino,20,17,10,7,Escola B,Privada,Sim,Solteiro,13.5,True
764,A0765,22,Faro,Masculino,19,16,12,1,Escola A,Publica,Sim,Casado,12.0,True
765,A0766,35,Lisboa,Feminino,18,3,8,3,Escola C,Publica,Sim,Casado,8.0,False
766,A0767,45,Braga,Feminino,18,14,19,13,Escola B,Publica,Nao,Outro,16.0,True
767,A0768,59,Porto,Feminino,11,10,18,15,Escola D,Publica,Nao,Outro,13.5,True
768,A0769,39,Lisboa,Feminino,4,2,15,18,Escola C,Publica,Nao,Outro,9.75,False
769,A0770,38,Coimbra,Masculino,9,2,6,1,Escola B,Publica,Nao,Casado,4.5,False
770,A0771,23,Lisboa,Masculino,16,15,18,11,Escola C,Publica,Sim,Outro,15.0,True
771,A0772,18,Lisboa,Feminino,4,4,11,13,Escola A,Publica,Sim,Solteiro,8.0,False
772,A0773,22,Braga,Feminino,15,20,14,5,Escola C,Publica,Sim,Outro,13.5,True
773,A0774,58,Porto,Masculino,6,9,13,12,Escola B,Publica,Sim,Solteiro,10.0,True
774,A0775,29,Coimbra,Feminino,8,18,10,3,Escola A,Privada,Sim,Casado,9.75,False
775,A0776,43,Faro,Masculino,2,3,9,17,Escola C,Privada,Nao,Solteiro,7.75,False
776,A0777,51,Faro,Feminino,14,18,10,11,Escola D,Publica,Sim,Solteiro,13.25,True
777,A0778,31,Lisboa,Feminino,15,10,5,19,Escola B,Privada,Nao,Solteiro,12.25,True
778,A0779,43,Braga,Masculino,17,1,1,20,Escola A,Privada,Sim,Casado,9.75,False
779,A0780,44,Braga,Masculino,13,9,10,18,Escola C,Publica,Nao,Casado,12.5,True
780,A0781,26,Faro,Masculino,2,10,18,7,Escola D,Publica,Sim,Casado,9.25,False
781,A0782,43,Coimbra,Masculino,11,19,5,6,Escola B,Publica,Nao,Casado,10.25,True
782,A0783,39,Porto,Feminino,8,15,13,15,Escola D,Privada,Sim,Outro,12.75,True
783,A0784,47,Coimbra,Masculino,6,18,19,18,Escola C,Publica,Sim,Casado,15.25,True
784,A0785,34,Porto,Feminino,8,10,5,5,Escola C,Privada,Sim,Solteiro,7.0,False
785,A0786,43,Faro,Masculino,12,13,16,19,Escola A,Publica,Sim,Casado,15.0,True
786,A0787,53,Porto,Masculino,17,1,9,20,Escola D,Privada,Nao,Outro,11.75,True
787,A0788,18,Braga,Feminino,4,4,0,10,Escola A,Privada,Sim,Outro,4.5,False
788,A0789,25,Lisboa,Masculino,12,4,2,4,Escola B,Publica,Nao,Outro,5.5,False
789,A0790,52,Lisboa,Masculino,3,18,7,15,Escola A,Publica,Sim,Solteiro,10.75,True
790,A0791,32,Faro,Masculino,1,20,7,6,Escola B,Privada,Nao,Casado,8.5,False
791,A0792,39,Braga,Masculino,15,11,19,4,Escola C,Privada,Sim,Casado,12.25,True
792,A0793,31,Coimbra,Feminino,8,17,14,10,Escola C,Publica,Sim,Casado,12.25,True
793,A0794,43,Braga,Feminino,8,3,6,14,Escola D,Publica,Nao,Solteiro,7.75,False
794,A0795,45,Lisboa,Masculino,5,16,10,2,Escola B,Privada,Sim,Solteiro,8.25,False
795,A0796,40,Lisboa,Masculino,10,9,6,4,Escola C,Publica,Sim,Outro,7.25,False
796,A0797,31,Braga,Masculino,0,19,3,20,Escola D,Privada,Nao,Outro,10.5,True
797,A0798,41,Braga,Feminino,3,5,11,4,Escola D,Publica,Sim,Casado,5.75,False
798,A0799,19,Lisboa,Feminino,12,13,5,8,Escola A,Publica,Nao,Solteiro,9.5,False
799,A0800,43,Coimbra,Feminino,12,10,13,14,Escola D,Publica,Sim,Solteiro,12.25,True
800,A0801,31,Faro,Feminino,12,10,11,2,Escola C,Privada,Nao,Casado,8.75,False
801,A0802,24,Faro,Masculino,1,17,10,5,Escola A,Publica,Nao,Casado,8.25,False
802,A0803,20,Braga,Masculino,8,17,18,16,Escola B,Privada,Nao,Outro,14.75,True
803,A0804,40,Faro,Masculino,7,10,20,20,Escola B,Publica,Nao,Outro,14.25,True
804,A0805,35,Lisboa,Feminino,6,20,4,7,Escola C,Privada,Sim,Outro,9.25,False
805,A0806,55,Lisboa,Masculino,3,11,13,20,Escola C,Privada,Sim,Casado,11.75,True
806,A0807,52,Braga,Feminino,17,4,20,10,Escola A,Publica,Nao,Casado,12.75,True
807,A0808,32,Braga,Feminino,2,8,15,5,Escola A,Privada,Sim,Outro,7.5,False
808,A0809,42,Braga,Masculino,5,8,12,7,Escola C,Privada,Sim,Outro,8.0,False
809,A0810,54,Coimbra,Masculino,11,9,19,9,Escola C,Privada,Sim,Solteiro,12.0,True
810,A0811,45,Faro,Masculino,11,18,3,2,Escola B,Privada,Nao,Solteiro,8.5,False
811,A0812,27,Braga,Feminino,20,0,10,13,Escola B,Publica,Sim,Outro,10.75,True
812,A0813,56,Porto,Feminino,7,6,16,13,Escola B,Publica,Sim,Outro,10.5,True
813,A0814,34,Porto,Masculino,0,3,6,9,Escola C,Publica,Nao,Solteiro,4.5,False
814,A0815,56,Lisboa,Masculino,3,0,13,11,Escola D,Privada,Sim,Outro,6.75,False
815,A0816,39,Faro,Feminino,20,14,10,5,Escola C,Privada,Nao,Solteiro,12.25,True
816,A0817,43,Braga,Masculino,10,7,8,11,Escola C,Publica,Nao,Solteiro,9.0,False
817,A0818,42,Porto,Feminino,2,11,12,13,Escola B,Publica,Nao,Solteiro,9.5,False
818,A0819,34,Faro,Feminino,12,17,17,1,Escola C,Privada,Sim,Casado,11.75,True
819,A0820,30,Lisboa,Masculino,16,14,10,8,Escola A,Publica,Sim,Casado,12.0,True
820,A0821,37,Coimbra,Masculino,9,16,14,9,Escola C,Publica,Nao,Outro,12.0,True
821,A0822,42,Faro,Masculino,20,13,18,16,Escola C,Privada,Nao,Solteiro,16.75,True
822,A0823,21,Faro,Masculino,11,13,0,16,Escola C,Publica,Nao,Casado,10.0,True
823,A0824,27,Coimbra,Feminino,14,17,3,2,Escola C,Privada,Nao,Outro,9.0,False
824,A0825,20,Faro,Feminino,20,19,13,18,Escola D,Publica,Nao,Outro,17.5,True
825,A0826,58,Lisboa,Feminino,9,17,13,0,Escola C,Privada,Nao,Outro,9.75,False
826,A0827,35,Lisboa,Masculino,13,15,2,11,Escola A,Privada,Sim,Outro,10.25,True
827,A0828,53,Coimbra,Feminino,12,0,16,6,Escola A,Privada,Nao,Outro,8.5,False
828,A0829,39,Braga,Masculino,4,10,2,3,Escola C,Privada,Nao,Solteiro,4.75,False
829,A0830,51,Porto,Masculino,5,14,15,9,Escola B,Privada,Nao,Outro,10.75,True
830,A0831,25,Braga,Masculino,1,11,13,12,Escola D,Publica,Sim,Solteiro,9.25,False
831,A0832,57,Faro,Masculino,16,7,19,1,Escola C,Publica,Sim,Casado,10.75,True
832,A0833,36,Porto,Masculino,3,19,12,9,Escola C,Publica,Sim,Outro,10.75,True
833,A0834,59,Coimbra,Masculino,13,5,14,20,Escola C,Privada,Sim,Casado,13.0,True
834,A0835,58,Coimbra,Feminino,9,2,13,3,Escola B,Publica,Nao,Solteiro,6.75,False
835,A0836,54,Porto,Masculino,2,12,18,17,Escola B,Privada,Sim,Solteiro,12.25,True
836,A0837,23,Lisboa,Feminino,2,12,5,4,Escola B,Privada,Nao,Casado,5.75,False
837,A0838,43,Porto,Feminino,14,1,9,18,Escola D,Publica,Nao,Outro,10.5,True
838,A0839,51,Faro,Masculino,5,4,14,1,Escola A,Privada,Nao,Outro,6.0,False
839,A0840,23,Lisboa,Masculino,16,16,20,11,Escola D,Publica,Nao,Casado,15.75,True
840,A0841,54,Coimbra,Masculino,11,5,19,16,Escola B,Privada,Nao,Casado,12.75,True
841,A0842,50,Porto,Feminino,19,1,5,9,Escola A,Privada,Nao,Casado,8.5,False
842,A0843,39,Braga,Masculino,10,3,9,1,Escola A,Publica,Sim,Outro,5.75,False
843,A0844,38,Braga,Feminino,3,10,6,5,Escola B,Privada,Sim,Outro,6.0,False
844,A0845,23,Faro,Masculino,5,7,16,7,Escola B,Publica,Sim,Outro,8.75,False
845,A0846,23,Braga,Masculino,0,11,17,18,Escola D,Privada,Sim,Casado,11.5,True
846,A0847,21,Porto,Feminino,19,7,16,10,Escola B,Publica,Sim,Outro,13.0,True
847,A0848,47,Porto,Feminino,15,10,8,11,Escola A,Privada,Nao,Solteiro,11.0,True
848,A0849,28,Braga,Masculino,14,19,9,8,Escola C,Publica,Sim,Casado,12.5,True
849,A0850,47,Porto,Feminino,16,7,9,1,Escola B,Publica,Sim,Outro,8.25,False
850,A0851,48,Faro,Feminino,7,7,6,7,Escola B,Privada,Sim,Casado,6.75,False
851,A0852,41,Lisboa,Feminino,11,16,15,10,Escola D,Publica,Nao,Solteiro,13.0,True
852,A0853,26,Faro,Feminino,20,19,17,20,Escola D,Privada,Nao,Solteiro,19.0,True
853,A0854,20,Faro,Feminino,9,19,5,3,Escola B,Privada,Nao,Casado,9.0,False
854,A0855,48,Porto,Masculino,14,15,19,9,Escola A,Publica,Sim,Casado,14.25,True
855,A0856,57,Lisboa,Masculino,8,13,0,20,Escola A,Publica,Sim,Solteiro,10.25,True
856,A0857,54,Porto,Feminino,1,10,0,19,Escola C,Publica,Sim,Casado,7.5,False
857,A0858,53,Coimbra,Masculino,4,6,11,15,Escola B,Publica,Sim,Solteiro,9.0,False
858,A0859,41,Porto,Masculino,5,15,20,7,Escola D,Publica,Sim,Solteiro,11.75,True
859,A0860,48,Porto,Feminino,6,12,1,3,Escola A,Privada,Nao,Outro,5.5,False
860,A0861,23,Porto,Masculino,20,14,3,9,Escola C,Publica,Sim,Casado,11.5,True
861,A0862,19,Lisboa,Feminino,0,15,16,11,Escola B,Privada,Nao,Casado,10.5,True
862,A0863,37,Porto,Feminino,6,20,3,13,Escola A,Publica,Sim,Outro,10.5,True
863,A0864,45,Lisboa,Masculino,19,8,10,15,Escola B,Publica,Nao,Solteiro,13.0,True
864,A0865,28,Braga,Feminino,11,2,3,17,Escola B,Publica,Nao,Casado,8.25,False
865,A0866,21,Coimbra,Feminino,15,18,0,20,Escola A,Privada,Nao,Outro,13.25,True
866,A0867,32,Lisboa,Feminino,15,19,6,20,Escola A,Publica,Nao,Outro,15.0,True
867,A0868,23,Braga,Feminino,10,4,17,11,Escola A,Privada,Sim,Casado,10.5,True
868,A0869,47,Lisboa,Feminino,20,9,8,17,Escola B,Privada,Sim,Outro,13.5,True
869,A0870,55,Lisboa,Masculino,3,16,2,6,Escola B,Privada,Sim,Solteiro,6.75,False
870,A0871,19,Coimbra,Masculino,12,14,7,19,Escola C,Publica,Nao,Outro,13.0,True
871,A0872,32,Faro,Feminino,6,7,18,6,Escola D,Privada,Sim,Solteiro,9.25,False
872,A0873,28,Faro,Feminino,3,14,3,8,Escola B,Publica,Sim,Solteiro,7.0,False
873,A0874,25,Lisboa,Masculino,14,20,17,0,Escola D,Privada,Sim,Casado,12.75,True
874,A0875,43,Porto,Feminino,18,13,19,5,Escola A,Publica,Sim,Outro,13.75,True
875,A0876,22,Braga,Masculino,8,19,10,5,Escola B,Privada,Nao,Solteiro,10.5,True
876,A0877,23,Porto,Feminino,10,6,13,11,Escola C,Publica,Nao,Solteiro,10.0,True
877,A0878,43,Porto,Feminino,7,20,17,11,Escola C,Publica,Sim,Outro,13.75,True
878,A0879,21,Lisboa,Feminino,0,11,15,9,Escola D,Publica,Sim,Solteiro,8.75,False
879,A0880,36,Lisboa,Feminino,7,16,2,5,Escola A,Privada,Sim,Outro,7.5,False
880,A0881,37,Lisboa,Feminino,12,16,14,16,Escola D,Privada,Nao,Casado,14.5,True
881,A0882,50,Lisboa,Feminino,3,9,3,18,Escola A,Publica,Nao,Solteiro,8.25,False
882,A0883,37,Faro,Feminino,7,18,4,17,Escola C,Privada,Nao,Solteiro,11.5,True
883,A0884,29,Lisboa,Masculino,2,13,16,5,Escola D,Privada,Sim,Outro,9.0,False
884,A0885,18,Faro,Masculino,8,10,6,18,Escola C,Privada,Nao,Outro,10.5,True
885,A0886,43,Faro,Masculino,1,1,15,9,Escola C,Privada,Nao,Outro,6.5,False
886,A0887,31,Lisboa,Feminino,1,17,13,7,Escola A,Privada,Nao,Outro,9.5,False
887,A0888,55,Coimbra,Feminino,12,6,15,20,Escola D,Privada,Nao,Solteiro,13.25,True
888,A0889,54,Braga,Feminino,14,11,6,5,Escola D,Privada,Nao,Casado,9.0,False
889,A0890,28,Porto,Feminino,11,1,8,20,Escola C,Publica,Sim,Casado,10.0,True
890,A0891,53,Faro,Feminino,3,19,3,6,Escola C,Publica,Sim,Casado,7.75,False
891,A0892,30,Braga,Feminino,7,17,10,0,Escola A,Privada,Sim,Casado,8.5,False
892,A0893,20,Coimbra,Feminino,8,5,1,17,Escola B,Publica,Sim,Outro,7.75,False
893,A0894,50,Porto,Masculino,4,9,11,19,Escola B,Publica,Nao,Solteiro,10.75,True
894,A0895,23,Porto,Feminino,19,19,11,11,Escola C,Publica,Sim,Solteiro,15.0,True
895,A0896,27,Faro,Masculino,17,14,3,15,Escola B,Privada,Sim,Solteiro,12.25,True
896,A0897,22,Lisboa,Masculino,10,4,17,9,Escola B,Privada,Sim,Outro,10.0,True
897,A0898,40,Coimbra,Feminino,14,19,20,9,Escola B,Privada,Nao,Solteiro,15.5,True
898,A0899,27,Faro,Feminino,8,2,6,13,Escola B,Privada,Sim,Outro,7.25,False
899,A0900,19,Coimbra,Masculino,16,4,0,19,Escola C,Privada,Nao,Solteiro,9.75,False
900,A0901,30,Lisboa,Masculino,11,7,12,9,Escola B,Publica,Nao,Casado,9.75,False
901,A0902,57,Lisboa,Feminino,6,7,5,9,Escola B,Privada,Nao,Outro,6.75,False
902,A0903,19,Faro,Feminino,9,7,5,10,Escola A,Publica,Sim,Solteiro,7.75,False
903,A0904,37,Lisboa,Masculino,9,11,11,1,Escola C,Privada,Nao,Casado,8.0,False
904,A0905,18,Braga,Feminino,12,7,7,19,Escola D,Publica,Sim,Casado,11.25,True
905,A0906,54,Porto,Feminino,18,10,18,7,Escola D,Privada,Sim,Casado,13.25,True
906,A0907,26,Faro,Feminino,10,13,4,6,Escola A,Privada,Sim,Outro,8.25,False
907,A0908,34,Coimbra,Masculino,12,7,17,7,Escola A,Privada,Nao,Outro,10.75,True
908,A0909,26,Braga,Masculino,20,9,4,0,Escola C,Privada,Nao,Solteiro,8.25,False
909,A0910,28,Faro,Masculino,7,6,9,20,Escola D,Privada,Sim,Casado,10.5,True
910,A0911,32,Lisboa,Feminino,7,16,0,1,Escola B,Privada,Nao,Solteiro,6.0,False
911,A0912,41,Lisboa,Feminino,3,3,9,17,Escola A,Publica,Nao,Solteiro,8.0,False
912,A0913,55,Lisboa,Masculino,14,12,4,14,Escola D,Privada,Nao,Casado,11.0,True
913,A0914,52,Lisboa,Masculino,10,3,11,0,Escola C,Publica,Sim,Solteiro,6.0,False
914,A0915,47,Coimbra,Masculino,10,4,6,4,Escola B,Privada,Nao,Outro,6.0,False
915,A0916,48,Braga,Feminino,0,3,8,1,Escola C,Publica,Nao,Solteiro,3.0,False
916,A0917,22,Porto,Masculino,16,17,20,19,Escola A,Publica,Sim,Casado,18.0,True
917,A0918,31,Coimbra,Masculino,14,5,11,2,Escola D,Publica,Nao,Outro,8.0,False
918,A0919,28,Coimbra,Feminino,19,1,0,18,Escola D,Publica,Sim,Outro,9.5,False
919,A0920,26,Porto,Feminino,5,10,10,17,Escola D,Publica,Nao,Solteiro,10.5,True
920,A0921,51,Porto,Feminino,14,13,20,17,Escola D,Publica,Nao,Solteiro,16.0,True
921,A0922,29,Lisboa,Masculino,8,4,14,13,Escola B,Privada,Nao,Outro,9.75,False
922,A0923,52,Coimbra,Feminino,13,5,1,7,Escola B,Publica,Nao,Solteiro,6.5,False
923,A0924,52,Faro,Feminino,17,9,19,11,Escola C,Privada,Nao,Casado,14.0,True
924,A0925,18,Porto,Masculino,16,7,6,20,Escola B,Privada,Nao,Solteiro,12.25,True
925,A0926,57,Porto,Feminino,17,13,20,9,Escola A,Publica,Sim,Solteiro,14.75,True
926,A0927,39,Braga,Masculino,4,2,11,19,Escola A,Publica,Nao,Outro,9.0,False
927,A0928,46,Faro,Masculino,19,11,17,16,Escola D,Privada,Nao,Solteiro,15.75,True
928,A0929,25,Faro,Feminino,19,15,2,10,Escola A,Publica,Nao,Solteiro,11.5,True
929,A0930,28,Porto,Feminino,8,16,6,1,Escola C,Publica,Sim,Solteiro,7.75,False
930,A0931,58,Lisboa,Feminino,10,0,10,3,Escola B,Publica,Sim,Casado,5.75,False
931,A0932,54,Braga,Feminino,0,9,17,0,Escola B,Publica,Sim,Solteiro,6.5,False
932,A0933,31,Faro,Feminino,17,9,11,14,Escola B,Publica,Nao,Casado,12.75,True
933,A0934,47,Porto,Feminino,5,20,5,12,Escola A,Publica,Nao,Casado,10.5,True
934,A0935,52,Faro,Masculino,1,1,4,7,Escola B,Publica,Sim,Casado,3.25,False
935,A0936,38,Braga,Masculino,14,8,0,3,Escola D,Privada,Sim,Casado,6.25,False
936,A0937,54,Braga,Feminino,20,12,11,9,Escola D,Publica,Sim,Outro,13.0,True
937,A0938,22,Coimbra,Masculino,13,15,10,18,Escola D,Privada,Nao,Casado,14.0,True
938,A0939,36,Porto,Feminino,4,17,3,17,Escola A,Privada,Sim,Solteiro,10.25,True
939,A0940,31,Braga,Masculino,5,18,17,4,Escola B,Privada,Nao,Casado,11.0,True
940,A0941,43,Coimbra,Masculino,5,11,3,18,Escola A,Privada,Nao,Solteiro,9.25,False
941,A0942,21,Coimbra,Masculino,17,7,16,15,Escola B,Publica,Nao,Casado,13.75,True
942,A0943,42,Faro,Feminino,13,16,1,0,Escola C,Privada,Sim,Outro,7.5,False
943,A0944,59,Faro,Masculino,9,14,1,11,Escola C,Privada,Nao,Casado,8.75,False
944,A0945,42,Coimbra,Feminino,13,9,11,1,Escola A,Privada,Sim,Casado,8.5,False
945,A0946,35,Faro,Masculino,12,14,5,20,Escola D,Privada,Sim,Outro,12.75,True
946,A0947,57,Braga,Masculino,2,14,9,7,Escola A,Privada,Sim,Casado,8.0,False
947,A0948,25,Lisboa,Masculino,5,6,20,17,Escola D,Publica,Sim,Solteiro,12.0,True
948,A0949,56,Braga,Masculino,7,12,15,15,Escola B,Publica,Nao,Casado,12.25,True
949,A0950,57,Coimbra,Masculino,11,16,13,4,Escola D,Privada,Nao,Casado,11.0,True
950,A0951,31,Coimbra,Feminino,12,8,6,12,Escola D,Publica,Nao,Casado,9.5,False
951,A0952,49,Braga,Feminino,10,7,18,18,Escola B,Publica,Nao,Outro,13.25,True
952,A0953,55,Faro,Masculino,11,19,16,2,Escola C,Privada,Sim,Casado,12.0,True
953,A0954,50,Faro,Masculino,0,20,8,7,Escola B,Privada,Sim,Casado,8.75,False
954,A0955,40,Coimbra,Masculino,16,17,12,11,Escola A,Privada,Sim,Solteiro,14.0,True
955,A0956,32,Porto,Masculino,15,12,4,1,Escola A,Publica,Sim,Casado,8.0,False
956,A0957,50,Faro,Feminino,10,15,4,10,Escola A,Privada,Nao,Casado,9.75,False
957,A0958,42,Braga,Masculino,12,8,9,11,Escola A,Publica,Sim,Casado,10.0,True
958,A0959,34,Faro,Feminino,17,11,20,17,Escola A,Publica,Nao,Casado,16.25,True
959,A0960,50,Braga,Masculino,10,11,9,12,Escola C,Publica,Sim,Solteiro,10.5,True
960,A0961,19,Coimbra,Feminino,11,5,6,4,Escola C,Privada,Sim,Solteiro,6.5,False
961,A0962,31,Faro,Masculino,5,18,14,11,Escola D,Publica,Sim,Outro,12.0,True
962,A0963,57,Braga,Masculino,8,6,6,1,Escola A,Privada,Sim,Casado,5.25,False
963,A0964,57,Coimbra,Feminino,15,2,14,4,Escola B,Privada,Nao,Outro,8.75,False
964,A0965,56,Porto,Masculino,3,15,2,6,Escola A,Privada,Nao,Outro,6.5,False
965,A0966,23,Braga,Masculino,2,17,18,11,Escola C,Privada,Nao,Casado,12.0,True
966,A0967,23,Porto,Masculino,15,15,9,15,Escola A,Privada,Nao,Solteiro,13.5,True
967,A0968,20,Porto,Feminino,11,6,14,7,Escola C,Publica,Sim,Solteiro,9.5,False
968,A0969,24,Lisboa,Masculino,10,3,2,8,Escola D,Publica,Sim,Casado,5.75,False
969,A0970,25,Faro,Masculino,4,7,5,14,Escola D,Publica,Nao,Casado,7.5,False
970,A0971,59,Braga,Feminino,17,12,11,4,Escola D,Publica,Nao,Solteiro,11.0,True
971,A0972,32,Porto,Feminino,18,12,14,12,Escola C,Publica,Sim,Casado,14.0,True
972,A0973,46,Lisboa,Feminino,5,16,5,4,Escola A,Privada,Sim,Casado,7.5,False
973,A0974,50,Coimbra,Masculino,17,16,12,10,Escola A,Privada,Nao,Casado,13.75,True
974,A0975,47,Braga,Masculino,5,4,18,9,Escola B,Publica,Nao,Solteiro,9.0,False
975,A0976,56,Porto,Masculino,3,5,2,19,Escola C,Publica,Nao,Outro,7.25,False
976,A0977,44,Faro,Feminino,11,18,7,12,Escola B,Publica,Sim,Outro,12.0,True
977,A0978,53,Lisboa,Masculino,18,12,7,8,Escola D,Privada,Nao,Casado,11.25,True
978,A0979,46,Porto,Masculino,1,13,19,20,Escola A,Privada,Nao,Solteiro,13.25,True
979,A0980,55,Faro,Feminino,16,3,14,13,Escola C,Privada,Nao,Casado,11.5,True
980,A0981,50,Porto,Feminino,10,6,3,17,Escola B,Publica,Nao,Solteiro,9.0,False
981,A0982,54,Braga,Feminino,10,7,18,14,Escola B,Publica,Nao,Casado,12.25,True
982,A0983,44,Braga,Feminino,20,12,20,9,Escola B,Publica,Sim,Solteiro,15.25,True
983,A0984,50,Braga,Feminino,15,5,2,6,Escola A,Publica,Nao,Solteiro,7.0,False
984,A0985,21,Lisboa,Masculino,1,5,12,7,Escola A,Privada,Sim,Outro,6.25,False
985,A0986,39,Braga,Feminino,1,20,7,2,Escola A,Publica,Nao,Casado,7.5,False
986,A0987,19,Faro,Masculino,7,2,15,14,Escola C,Publica,Nao,Outro,9.5,False
987,A0988,27,Porto,Masculino,12,2,12,15,Escola A,Publica,Nao,Outro,10.25,True
988,A0989,22,Coimbra,Feminino,9,12,2,3,Escola C,Privada,Sim,Solteiro,6.5,False
989,A0990,27,Faro,Feminino,7,1,15,20,Escola B,Privada,Sim,Casado,10.75,True
990,A0991,50,Faro,Feminino,3,15,8,5,Escola B,Publica,Sim,Solteiro,7.75,False
991,A0992,55,Braga,Masculino,14,5,13,0,Escola D,Privada,Nao,Solteiro,8.0,False
992,A0993,30,Lisboa,Feminino,0,7,12,3,Escola A,Privada,Nao,Solteiro,5.5,False
993,A0994,48,Porto,Feminino,10,7,20,10,Escola B,Privada,Sim,Casado,11.75,True
994,A0995,53,Lisboa,Feminino,6,5,6,11,Escola A,Privada,Sim,Casado,7.0,False
995,A0996,41,Porto,Feminino,16,13,14,4,Escola C,Privada,Nao,Solteiro,11.75,True
996,A0997,32,Porto,Feminino,19,2,6,20,Escola B,Publica,Sim,Casado,11.75,True
997,A0998,46,Lisboa,Masculino,17,9,5,15,Escola A,Publica,Nao,Solteiro,11.5,True
998,A0999,25,Faro,Masculino,11,2,1,12,Escola B,Publica,Sim,Casado,6.5,False
999,A1000,22,Porto,Masculino,8,11,8,12,Escola B,Privada,Sim,Casado,9.75,False
